CREATE DATABASE  IF NOT EXISTS `slondragon` /*!40100 DEFAULT CHARACTER SET utf8 */;
USE `slondragon`;
-- MySQL dump 10.13  Distrib 5.5.29, for debian-linux-gnu (x86_64)
--
-- Host: 127.0.0.1    Database: slondragon
-- ------------------------------------------------------
-- Server version	5.5.29-0ubuntu0.12.04.1

/*!40101 SET @OLD_CHARACTER_SET_CLIENT=@@CHARACTER_SET_CLIENT */;
/*!40101 SET @OLD_CHARACTER_SET_RESULTS=@@CHARACTER_SET_RESULTS */;
/*!40101 SET @OLD_COLLATION_CONNECTION=@@COLLATION_CONNECTION */;
/*!40101 SET NAMES utf8 */;
/*!40103 SET @OLD_TIME_ZONE=@@TIME_ZONE */;
/*!40103 SET TIME_ZONE='+00:00' */;
/*!40014 SET @OLD_UNIQUE_CHECKS=@@UNIQUE_CHECKS, UNIQUE_CHECKS=0 */;
/*!40014 SET @OLD_FOREIGN_KEY_CHECKS=@@FOREIGN_KEY_CHECKS, FOREIGN_KEY_CHECKS=0 */;
/*!40101 SET @OLD_SQL_MODE=@@SQL_MODE, SQL_MODE='NO_AUTO_VALUE_ON_ZERO' */;
/*!40111 SET @OLD_SQL_NOTES=@@SQL_NOTES, SQL_NOTES=0 */;

--
-- Table structure for table `auth_permission`
--

DROP TABLE IF EXISTS `auth_permission`;
/*!40101 SET @saved_cs_client     = @@character_set_client */;
/*!40101 SET character_set_client = utf8 */;
CREATE TABLE `auth_permission` (
  `id` int(11) NOT NULL AUTO_INCREMENT,
  `name` varchar(50) NOT NULL,
  `content_type_id` int(11) NOT NULL,
  `codename` varchar(100) NOT NULL,
  PRIMARY KEY (`id`),
  UNIQUE KEY `content_type_id` (`content_type_id`,`codename`),
  KEY `auth_permission_e4470c6e` (`content_type_id`),
  CONSTRAINT `content_type_id_refs_id_728de91f` FOREIGN KEY (`content_type_id`) REFERENCES `django_content_type` (`id`)
) ENGINE=InnoDB AUTO_INCREMENT=88 DEFAULT CHARSET=utf8;
/*!40101 SET character_set_client = @saved_cs_client */;

--
-- Dumping data for table `auth_permission`
--

LOCK TABLES `auth_permission` WRITE;
/*!40000 ALTER TABLE `auth_permission` DISABLE KEYS */;
INSERT INTO `auth_permission` VALUES (1,'Can add bookmark',1,'add_bookmark'),(2,'Can change bookmark',1,'change_bookmark'),(3,'Can delete bookmark',1,'delete_bookmark'),(4,'Can add dashboard preferences',2,'add_dashboardpreferences'),(5,'Can change dashboard preferences',2,'change_dashboardpreferences'),(6,'Can delete dashboard preferences',2,'delete_dashboardpreferences'),(7,'Can add permission',3,'add_permission'),(8,'Can change permission',3,'change_permission'),(9,'Can delete permission',3,'delete_permission'),(10,'Can add group',4,'add_group'),(11,'Can change group',4,'change_group'),(12,'Can delete group',4,'delete_group'),(13,'Can add user',5,'add_user'),(14,'Can change user',5,'change_user'),(15,'Can delete user',5,'delete_user'),(16,'Can add message',6,'add_message'),(17,'Can change message',6,'change_message'),(18,'Can delete message',6,'delete_message'),(19,'Can add content type',7,'add_contenttype'),(20,'Can change content type',7,'change_contenttype'),(21,'Can delete content type',7,'delete_contenttype'),(22,'Can add session',8,'add_session'),(23,'Can change session',8,'change_session'),(24,'Can delete session',8,'delete_session'),(25,'Can add site',9,'add_site'),(26,'Can change site',9,'change_site'),(27,'Can delete site',9,'delete_site'),(28,'Can add log entry',10,'add_logentry'),(29,'Can change log entry',10,'change_logentry'),(30,'Can delete log entry',10,'delete_logentry'),(31,'Can add site_setting',11,'add_settings'),(32,'Can change site_setting',11,'change_settings'),(33,'Can delete site_setting',11,'delete_settings'),(34,'Can add slider_photo',12,'add_photo'),(35,'Can change slider_photo',12,'change_photo'),(36,'Can delete slider_photo',12,'delete_photo'),(37,'Can add category',13,'add_category'),(38,'Can change category',13,'change_category'),(39,'Can delete category',13,'delete_category'),(40,'Can add product_item',14,'add_product'),(41,'Can change product_item',14,'change_product'),(42,'Can delete product_item',14,'delete_product'),(43,'Can add product_photo',15,'add_photo'),(44,'Can change product_photo',15,'change_photo'),(45,'Can delete product_photo',15,'delete_photo'),(46,'Can add featurename_item',16,'add_featurename'),(47,'Can change featurename_item',16,'change_featurename'),(48,'Can delete featurename_item',16,'delete_featurename'),(49,'Can add featurevalue_item',17,'add_featurevalue'),(50,'Can change featurevalue_item',17,'change_featurevalue'),(51,'Can delete featurevalue_item',17,'delete_featurevalue'),(52,'Can add cart',18,'add_cart'),(53,'Can change cart',18,'change_cart'),(54,'Can delete cart',18,'delete_cart'),(55,'Can add product_item',19,'add_cartproduct'),(56,'Can change product_item',19,'change_cartproduct'),(57,'Can delete product_item',19,'delete_cartproduct'),(58,'Can add order_item',20,'add_order'),(59,'Can change order_item',20,'change_order'),(60,'Can delete order_item',20,'delete_order'),(61,'Can add product_item',21,'add_orderproduct'),(62,'Can change product_item',21,'change_orderproduct'),(63,'Can delete product_item',21,'delete_orderproduct'),(64,'Can add пользователь',22,'add_customuser'),(65,'Can change пользователь',22,'change_customuser'),(66,'Can delete пользователь',22,'delete_customuser'),(67,'Can add profile_addres',23,'add_customuseraddress'),(68,'Can change profile_addres',23,'change_customuseraddress'),(69,'Can delete profile_addres',23,'delete_customuseraddress'),(70,'Can add discount_card',24,'add_discountcard'),(71,'Can change discount_card',24,'change_discountcard'),(72,'Can delete discount_card',24,'delete_discountcard'),(73,'Can add kv store',25,'add_kvstore'),(74,'Can change kv store',25,'change_kvstore'),(75,'Can delete kv store',25,'delete_kvstore'),(76,'Can add page_item',26,'add_page'),(77,'Can change page_item',26,'change_page'),(78,'Can delete page_item',26,'delete_page'),(79,'Can add файл',27,'add_pagedoc'),(80,'Can change файл',27,'change_pagedoc'),(81,'Can delete файл',27,'delete_pagedoc'),(82,'Can add картинка',28,'add_pagepic'),(83,'Can change картинка',28,'change_pagepic'),(84,'Can delete картинка',28,'delete_pagepic'),(85,'Can add meta',29,'add_metadata'),(86,'Can change meta',29,'change_metadata'),(87,'Can delete meta',29,'delete_metadata');
/*!40000 ALTER TABLE `auth_permission` ENABLE KEYS */;
UNLOCK TABLES;

--
-- Table structure for table `auth_group`
--

DROP TABLE IF EXISTS `auth_group`;
/*!40101 SET @saved_cs_client     = @@character_set_client */;
/*!40101 SET character_set_client = utf8 */;
CREATE TABLE `auth_group` (
  `id` int(11) NOT NULL AUTO_INCREMENT,
  `name` varchar(80) NOT NULL,
  PRIMARY KEY (`id`),
  UNIQUE KEY `name` (`name`)
) ENGINE=InnoDB DEFAULT CHARSET=utf8;
/*!40101 SET character_set_client = @saved_cs_client */;

--
-- Dumping data for table `auth_group`
--

LOCK TABLES `auth_group` WRITE;
/*!40000 ALTER TABLE `auth_group` DISABLE KEYS */;
/*!40000 ALTER TABLE `auth_group` ENABLE KEYS */;
UNLOCK TABLES;

--
-- Table structure for table `pages_pagedoc`
--

DROP TABLE IF EXISTS `pages_pagedoc`;
/*!40101 SET @saved_cs_client     = @@character_set_client */;
/*!40101 SET character_set_client = utf8 */;
CREATE TABLE `pages_pagedoc` (
  `id` int(11) NOT NULL AUTO_INCREMENT,
  `title` varchar(250) NOT NULL,
  `size` int(11) NOT NULL,
  `order` int(10) unsigned NOT NULL,
  `file` varchar(100) NOT NULL,
  `page_id` int(11) NOT NULL,
  PRIMARY KEY (`id`),
  KEY `pages_pagedoc_32d04bc7` (`page_id`),
  CONSTRAINT `page_id_refs_id_df41e052` FOREIGN KEY (`page_id`) REFERENCES `pages_page` (`id`)
) ENGINE=InnoDB DEFAULT CHARSET=utf8;
/*!40101 SET character_set_client = @saved_cs_client */;

--
-- Dumping data for table `pages_pagedoc`
--

LOCK TABLES `pages_pagedoc` WRITE;
/*!40000 ALTER TABLE `pages_pagedoc` DISABLE KEYS */;
/*!40000 ALTER TABLE `pages_pagedoc` ENABLE KEYS */;
UNLOCK TABLES;

--
-- Table structure for table `orders_orderproduct`
--

DROP TABLE IF EXISTS `orders_orderproduct`;
/*!40101 SET @saved_cs_client     = @@character_set_client */;
/*!40101 SET character_set_client = utf8 */;
CREATE TABLE `orders_orderproduct` (
  `id` int(11) NOT NULL AUTO_INCREMENT,
  `order_id` int(11) NOT NULL,
  `count` int(10) unsigned NOT NULL,
  `product_id` int(11) DEFAULT NULL,
  `product_price` decimal(10,2) NOT NULL,
  PRIMARY KEY (`id`),
  KEY `orders_orderproduct_8337030b` (`order_id`),
  KEY `orders_orderproduct_bb420c12` (`product_id`),
  CONSTRAINT `order_id_refs_id_895795cd` FOREIGN KEY (`order_id`) REFERENCES `orders_order` (`id`),
  CONSTRAINT `product_id_refs_id_ac18e1c5` FOREIGN KEY (`product_id`) REFERENCES `products_product` (`id`)
) ENGINE=InnoDB AUTO_INCREMENT=6 DEFAULT CHARSET=utf8;
/*!40101 SET character_set_client = @saved_cs_client */;

--
-- Dumping data for table `orders_orderproduct`
--

LOCK TABLES `orders_orderproduct` WRITE;
/*!40000 ALTER TABLE `orders_orderproduct` DISABLE KEYS */;
INSERT INTO `orders_orderproduct` VALUES (3,3,2,2,1020.00),(4,4,1,2,1020.00),(5,5,1,3,500.00);
/*!40000 ALTER TABLE `orders_orderproduct` ENABLE KEYS */;
UNLOCK TABLES;

--
-- Table structure for table `auth_user_user_permissions`
--

DROP TABLE IF EXISTS `auth_user_user_permissions`;
/*!40101 SET @saved_cs_client     = @@character_set_client */;
/*!40101 SET character_set_client = utf8 */;
CREATE TABLE `auth_user_user_permissions` (
  `id` int(11) NOT NULL AUTO_INCREMENT,
  `user_id` int(11) NOT NULL,
  `permission_id` int(11) NOT NULL,
  PRIMARY KEY (`id`),
  UNIQUE KEY `user_id` (`user_id`,`permission_id`),
  KEY `auth_user_user_permissions_fbfc09f1` (`user_id`),
  KEY `auth_user_user_permissions_1e014c8f` (`permission_id`),
  CONSTRAINT `permission_id_refs_id_67e79cb` FOREIGN KEY (`permission_id`) REFERENCES `auth_permission` (`id`),
  CONSTRAINT `user_id_refs_id_f2045483` FOREIGN KEY (`user_id`) REFERENCES `auth_user` (`id`)
) ENGINE=InnoDB DEFAULT CHARSET=utf8;
/*!40101 SET character_set_client = @saved_cs_client */;

--
-- Dumping data for table `auth_user_user_permissions`
--

LOCK TABLES `auth_user_user_permissions` WRITE;
/*!40000 ALTER TABLE `auth_user_user_permissions` DISABLE KEYS */;
/*!40000 ALTER TABLE `auth_user_user_permissions` ENABLE KEYS */;
UNLOCK TABLES;

--
-- Table structure for table `admin_tools_dashboard_preferences`
--

DROP TABLE IF EXISTS `admin_tools_dashboard_preferences`;
/*!40101 SET @saved_cs_client     = @@character_set_client */;
/*!40101 SET character_set_client = utf8 */;
CREATE TABLE `admin_tools_dashboard_preferences` (
  `id` int(11) NOT NULL AUTO_INCREMENT,
  `user_id` int(11) NOT NULL,
  `data` longtext NOT NULL,
  `dashboard_id` varchar(100) NOT NULL,
  PRIMARY KEY (`id`),
  KEY `admin_tools_dashboard_preferences_fbfc09f1` (`user_id`),
  CONSTRAINT `user_id_refs_id_f8487376` FOREIGN KEY (`user_id`) REFERENCES `auth_user` (`id`)
) ENGINE=InnoDB AUTO_INCREMENT=4 DEFAULT CHARSET=utf8;
/*!40101 SET character_set_client = @saved_cs_client */;

--
-- Dumping data for table `admin_tools_dashboard_preferences`
--

LOCK TABLES `admin_tools_dashboard_preferences` WRITE;
/*!40000 ALTER TABLE `admin_tools_dashboard_preferences` DISABLE KEYS */;
INSERT INTO `admin_tools_dashboard_preferences` VALUES (1,3,'{}','dashboard'),(2,3,'{}','products-dashboard'),(3,3,'{}','orders-dashboard');
/*!40000 ALTER TABLE `admin_tools_dashboard_preferences` ENABLE KEYS */;
UNLOCK TABLES;

--
-- Table structure for table `products_product`
--

DROP TABLE IF EXISTS `products_product`;
/*!40101 SET @saved_cs_client     = @@character_set_client */;
/*!40101 SET character_set_client = utf8 */;
CREATE TABLE `products_product` (
  `id` int(11) NOT NULL AUTO_INCREMENT,
  `category_id` int(11) DEFAULT NULL,
  `title` varchar(400) NOT NULL,
  `art` varchar(50) NOT NULL,
  `price` decimal(10,2) DEFAULT NULL,
  `description` longtext NOT NULL,
  `image` varchar(100) NOT NULL,
  `video_code` longtext NOT NULL,
  `is_new` tinyint(1) NOT NULL,
  `is_recomended` tinyint(1) NOT NULL,
  `sale_value` varchar(50) NOT NULL,
  `xml_id` int(11) DEFAULT NULL,
  `remainder` decimal(10,2) DEFAULT NULL,
  `order` int(11) NOT NULL,
  `is_published` tinyint(1) NOT NULL,
  PRIMARY KEY (`id`),
  KEY `products_product_42dc49bc` (`category_id`),
  CONSTRAINT `category_id_refs_id_632345a7` FOREIGN KEY (`category_id`) REFERENCES `products_category` (`id`)
) ENGINE=InnoDB AUTO_INCREMENT=322 DEFAULT CHARSET=utf8;
/*!40101 SET character_set_client = @saved_cs_client */;

--
-- Dumping data for table `products_product`
--

LOCK TABLES `products_product` WRITE;
/*!40000 ALTER TABLE `products_product` DISABLE KEYS */;
INSERT INTO `products_product` VALUES (1,6,'ТАЙМЕР-АВТОМАТ ДЛЯ ВАРКИ ЯИЦ «РОК-Н-РОЛЛ»','арт. 25789',650.00,'<p>Таймер-автомат для варки яиц \"Рок-н-ролл\" - ваш незаменимый помощник в вопросах идеального приготовления вареных яиц. Всем известно, что именно яйца - один из самых диетических продуктов, который рекомендуется употреблять на завтрак.</p>\r\n\r\n<p>Погрузите таймер-автомат насыщенного черного цвета в воду одновременно с яйцами, которые собираетесь сварить. Умный таймер четко определит уровень готовности яиц и сообщит об этом вам с помощью известных мелодий.</p>','images/products/item-zl.jpg','http://www.youtube.com/watch?v=Z8QiZ6IAgKk',1,1,'',NULL,NULL,10,1),(2,7,'Деревянная копилка «Птичка»','aрт. 656516',1020.00,'<p>Деревянная копилка «Птичка»<br></p>','images/products/item.jpg','',0,1,'40%',NULL,NULL,10,1),(3,4,'Скрипка','арт. 2572',500.00,'','images/products/Skripka.jpg','',1,0,'',NULL,NULL,10,1),(5,NULL,'HD Лучи большие','',1200.00,'','','',0,0,'',10,0.00,10,1),(6,NULL,'Форма Ледяной череп','',0.00,'','','',0,0,'',100,0.00,10,1),(7,NULL,'Форма Cartoon в ассортименте','',350.00,'','','',0,0,'',101,132.00,10,1),(8,NULL,'Кружка Smile','000000102',450.00,'','','',0,0,'',102,30.00,10,1),(9,NULL,'Menu Петля','',450.00,'','','',0,0,'',103,30.00,10,1),(10,NULL,'Georg Jensen в ассортименте','',550.00,'','','',0,0,'',104,27.00,10,1),(11,NULL,'Key Bottle Opener','',350.00,'','','',0,0,'',105,29.00,10,1),(12,NULL,'Шпажки Гвозди','',350.00,'','','',0,0,'',106,93.00,10,1),(13,NULL,'APP магниты','',450.00,'','','',0,0,'',107,0.00,10,1),(14,NULL,'Карандаш для Iphone','',540.00,'','','',0,0,'',108,0.00,10,1),(15,NULL,'Держатель для провода Mr.P','',150.00,'','','',0,0,'',109,0.00,10,1),(16,NULL,'Кошки пластик','',1200.00,'','','',0,0,'',11,0.00,10,1),(17,NULL,'Хвостики для телефона длинные','',149.00,'','','',0,0,'',110,0.00,10,1),(18,NULL,'Минифонарик Лампочка','',150.00,'','','',0,0,'',111,0.00,10,1),(19,NULL,'Держатель Магнит','',190.00,'','','',0,0,'',112,17.00,10,1),(20,NULL,'Подставка для скрепок','',350.00,'','','',0,0,'',113,0.00,10,1),(21,NULL,'Держатель Вантус','',190.00,'','','',0,0,'',114,480.00,10,1),(22,NULL,'Стилус Ручка','',250.00,'','','',0,0,'',115,0.00,10,1),(23,NULL,'Ароматизатор для дома Мешочки','',250.00,'','','',0,0,'',116,0.00,10,1),(24,NULL,'Полотенце собачка','',100.00,'','','',0,0,'',117,0.00,10,1),(25,NULL,'Полотенце Кусочек тортика','',100.00,'','','',0,0,'',118,0.00,10,1),(26,NULL,'Полотенце Пирожное','',100.00,'','','',0,0,'',119,2.00,10,1),(27,NULL,'Бабочки круглые','',1990.00,'','','',0,0,'',12,0.00,10,1),(28,NULL,'Полотенце Сердечки','',100.00,'','','',0,0,'',120,0.00,10,1),(29,NULL,'Полотенце Рулет','',100.00,'','','',0,0,'',121,0.00,10,1),(30,NULL,'Pinko 10*15 см','',690.00,'','','',0,0,'',122,1.00,10,1),(31,NULL,'Стекло белое 9*13','',490.00,'','','',0,0,'',123,0.00,10,1),(32,NULL,'Стакан для ручек Golf','',1199.00,'','','',0,0,'',124,0.00,10,1),(33,NULL,'Цветы 13*21 см','',90.00,'','','',0,0,'',125,6.00,10,1),(34,NULL,'Сумочка Wish you','',90.00,'','','',0,0,'',126,23.00,10,1),(35,NULL,'Диспенсер для напитков \"Глобус\"','000000128',2100.00,'','','',0,0,'',128,0.00,10,1),(36,NULL,'Фоторамка Куб стеклянный малый','',1290.00,'','','',0,0,'',129,0.00,10,1),(37,NULL,'Объемные цифры','',1990.00,'','','',0,0,'',13,7.00,10,1),(38,NULL,'Сфера стеклянная','',1290.00,'','','',0,0,'',130,8.00,10,1),(39,NULL,'EFY, Полоска, S11-827(3)','',70.00,'','','',0,0,'',133,0.00,10,1),(40,NULL,'Just for you, 11G-02','',90.00,'','','',0,0,'',134,0.00,10,1),(41,NULL,'EFY, Розовые сердца, S09-0727(3)','',70.00,'','','',0,0,'',135,0.00,10,1),(42,NULL,'Медведи, S10-620(3)','',70.00,'','','',0,0,'',136,0.00,10,1),(43,NULL,'Акварельные сердечки, S09-185(3)','',70.00,'','','',0,0,'',137,0.00,10,1),(44,NULL,'1-0080 (3)','',60.00,'','','',0,0,'',138,0.00,10,1),(45,NULL,'Медведи-моряки, S09-0724(2)','',110.00,'','','',0,0,'',139,0.00,10,1),(46,NULL,'Отдельный циферблат крупный каучук','',850.00,'','','',0,0,'',14,0.00,10,1),(47,NULL,'Thank you, S10-518(3)','',70.00,'','','',0,0,'',140,0.00,10,1),(48,NULL,'Черный в горох, 080412','',70.00,'','','',0,0,'',141,0.00,10,1),(49,NULL,'Черный, S11-753 (1)','',160.00,'','','',0,0,'',142,3.00,10,1),(50,NULL,'EFY, JY-STD-212','',150.00,'','','',0,0,'',143,2.00,10,1),(51,NULL,'Розовые сердца, 31-0386','',150.00,'','','',0,0,'',144,5.00,10,1),(52,NULL,'I love you, STD-11A03-1','',150.00,'','','',0,0,'',145,0.00,10,1),(53,NULL,'Is love, 31-0718','',90.00,'','','',0,0,'',146,5.00,10,1),(54,NULL,'1-0080(1)','',150.00,'','','',0,0,'',147,6.00,10,1),(55,NULL,'TD11-11170 (L)','',190.00,'','','',0,0,'',148,0.00,10,1),(56,NULL,'OASSO Соль&Перец','s-1001',599.00,'','','',0,0,'',149,0.00,10,1),(57,NULL,'Отдельный циферблат малый каучук','',1100.00,'','','',0,0,'',15,1.00,10,1),(58,NULL,'OASSO Пепельница','S-1101',1099.00,'','','',0,0,'',151,0.00,10,1),(59,NULL,'OASSO Бокал 1/2','S-1004',899.00,'','','',0,0,'',152,0.00,10,1),(60,NULL,'OASSO Ваза 1/2','S-1003',3199.00,'','','',0,0,'',153,0.00,10,1),(61,NULL,'OASSO Girl','',500.00,'','','',0,0,'',154,0.00,10,1),(62,NULL,'OASSO Boy','',500.00,'','','',0,0,'',155,0.00,10,1),(63,NULL,'Салфетница GLUE','',250.00,'','','',0,0,'',156,0.00,10,1),(64,NULL,'Брелок (пара) в ассортименте','',200.00,'','','',0,0,'',157,0.00,10,1),(65,NULL,'Mr. P','',350.00,'','','',0,0,'',159,10.00,10,1),(66,NULL,'Металлические короткие 2','HY-F002-B',3790.00,'','','',0,0,'',16,3.00,10,1),(67,NULL,'Брелок в ассортименте','',250.00,'','','',0,0,'',160,8.00,10,1),(68,NULL,'Полотенце Фрукт','',50.00,'','','',0,0,'',163,9.00,10,1),(69,NULL,'Пробка для бутылки Mr.P','',250.00,'','','',0,0,'',164,9.00,10,1),(70,NULL,'Пылесос для клавиатуры','',350.00,'','','',0,0,'',165,0.00,10,1),(71,NULL,'Мышка на палец','',390.00,'','','',0,0,'',166,0.00,10,1),(72,NULL,'Открытка B в ассортименте','',100.00,'','','',0,0,'',167,41.00,10,1),(73,NULL,'Металлические короткие 1','HY-F001-B',3490.00,'','','',0,0,'',17,0.00,10,1),(74,NULL,'Открытка Е в ассортименте','',65.00,'','','',0,0,'',170,110.00,10,1),(75,NULL,'Батарейка КОСМОС алкалин LR6','',17.00,'','','',0,0,'',172,0.00,10,1),(76,NULL,'Батарейка КОСМОС LR 20','',57.00,'','','',0,0,'',173,0.00,10,1),(77,NULL,'Батарейка КОСМОС R14','',13.00,'','','',0,0,'',174,0.00,10,1),(78,NULL,'Батарейка КОСМОС LR03','',15.00,'','','',0,0,'',175,0.00,10,1),(79,NULL,'Кружка Сердце','000000176',450.00,'','','',0,0,'',176,6.00,10,1),(80,NULL,'Спрей Cooling you','',390.00,'','','',0,0,'',177,23.00,10,1),(81,NULL,'Колонка Music Balloon','',750.00,'','','',0,0,'',179,4.00,10,1),(82,NULL,'Пластиковые круглые','',1490.00,'','','',0,0,'',18,0.00,10,1),(83,NULL,'Будильник \"Убегающий\"','000000180',1200.00,'','','',0,0,'',180,8.00,10,1),(84,NULL,'Будильник \"Гантель\"','000000181',1200.00,'','','',0,0,'',181,0.00,10,1),(85,NULL,'Гаджет \"Мейл нотификатор\"','000000182',490.00,'','','',0,0,'',182,2.00,10,1),(86,NULL,'Кружка Пробуждение','000000183',450.00,'','','',0,0,'',183,2.00,10,1),(87,NULL,'Магниты Пальчики','000000184',250.00,'','','',0,0,'',184,0.00,10,1),(88,NULL,'Мышка Машинка А22','000000185',750.00,'','','',0,0,'',185,0.00,10,1),(89,NULL,'Форма Челюсти вампира','000000186',350.00,'','','',0,0,'',186,134.00,10,1),(90,NULL,'Мышка с хвостиком в ассортименте','000000187',1100.00,'','','',0,0,'',187,69.00,10,1),(91,NULL,'Часы настенные Бабочки со стразами','000000188',1990.00,'','','',0,0,'',188,0.00,10,1),(92,NULL,'Пробки для бутылок Beer savers','000000189',150.00,'','','',0,0,'',189,940.00,10,1),(93,NULL,'Пластиковые куб','',1490.00,'','','',0,0,'',19,0.00,10,1),(94,NULL,'Держатель для провода Шарики','000000190',150.00,'','','',0,0,'',190,264.00,10,1),(95,NULL,'Кружка с фонариком','000000191',79.00,'','','',0,0,'',191,29.00,10,1),(96,NULL,'Часы настольные Механизмы с будильником','000000192',3490.00,'','','',0,0,'',192,0.00,10,1),(97,NULL,'CD Box Банка','000000193',890.00,'','','',0,0,'',193,5.00,10,1),(98,NULL,'Пакет-мини Сердечки в ассортименте','000000194',60.00,'','','',0,0,'',194,552.00,10,1),(99,NULL,'Держатель для провода блины','000000196',100.00,'','','',0,0,'',196,438.00,10,1),(100,NULL,'Кружки пара Кольцо','000000197',390.00,'','','',0,0,'',197,19.00,10,1),(101,NULL,'Фоторамка электромагнитная в полуквадрате E-2D','000000198',1490.00,'','','',0,0,'',198,5.00,10,1),(102,NULL,'Средство для коммуникации водителей Drivemotion','000000199',1990.00,'','','',0,0,'',199,0.00,10,1),(103,NULL,'Часы настенные Яичница','000000020',1490.00,'','','',0,0,'',20,5.00,10,1),(104,NULL,'Брелок Кукла вуду с прической','000000200',0.00,'','','',0,0,'',200,0.00,10,1),(105,NULL,'Брелок Кукла Вуду с прической','000000201',250.00,'','','',0,0,'',201,238.00,10,1),(106,NULL,'Брелок Кукла Вуду Деревянная Средний размер','000000202',250.00,'','','',0,0,'',202,260.00,10,1),(107,NULL,'Брелок Кукла Вуду Мишка вязаный','000000203',200.00,'','','',0,0,'',203,243.00,10,1),(108,NULL,'Брелок Кукла Вуду Деревянная Малый размер','000000204',150.00,'','','',0,0,'',204,244.00,10,1),(109,NULL,'Вентилятор без лопастей Hetai H T W F -CY16 высокий','000000205',2200.00,'','','',0,0,'',205,4.00,10,1),(110,NULL,'Глобус электромагнитный в квадрате','000000206',2900.00,'','','',0,0,'',206,7.00,10,1),(111,NULL,'Часы флип металлические высокие','000000207',3990.00,'','','',0,0,'',207,10.00,10,1),(112,NULL,'Вентилятор без лопастей USB с микрофоном и колонками','000000208',1200.00,'','','',0,0,'',208,28.00,10,1),(113,NULL,'Светильник Mr.P малый FFX-047/FQ','000000209',1000.00,'','','',0,0,'',209,0.00,10,1),(114,NULL,'Шестиренки с винтом','',1690.00,'','','',0,0,'',21,0.00,10,1),(115,NULL,'Часы настенные TFOUND 4 фото','000000210',1990.00,'','','',0,0,'',210,0.00,10,1),(116,NULL,'Часы настенные TFOUND мальчик & девочка','000000211',1990.00,'','','',0,0,'',211,8.00,10,1),(117,NULL,'CD Box Piggy','000000212',1200.00,'','','',0,0,'',212,11.00,10,1),(118,NULL,'Часы настенные Romantic love','000000213',850.00,'','','',0,0,'',213,33.00,10,1),(119,NULL,'Светильник Жидкость из стакана Game-2-60','000000214',350.00,'','','',0,0,'',214,1.00,10,1),(120,NULL,'Глобус электромагнитный на полусфере','000000215',2900.00,'','','',0,0,'',215,1.00,10,1),(121,NULL,'Кружка Anmal','000000216',350.00,'','','',0,0,'',216,0.00,10,1),(122,NULL,'Крепление на стену для плечиков Болтик','000000217',350.00,'','','',0,0,'',217,82.00,10,1),(123,NULL,'Светильник Mr.P большой','000000218',1500.00,'','','',0,0,'',218,0.00,10,1),(124,NULL,'Кружка Пистолет','000000219',450.00,'','','',0,0,'',219,17.00,10,1),(125,NULL,'Абстракция','',0.00,'','','',0,0,'',22,0.00,10,1),(126,NULL,'Колонка Aston Martin KAIME-F6','000000220',2100.00,'','','',0,0,'',220,21.00,10,1),(127,NULL,'Светильник Кот полосатый','000000221',2100.00,'','','',0,0,'',221,16.00,10,1),(128,NULL,'Часы настенные Черные 6 фото','000000222',2490.00,'','','',0,0,'',222,7.00,10,1),(129,NULL,'Светильник USB Cup & Light','000000224',990.00,'','','',0,0,'',224,38.00,10,1),(130,NULL,'Фоторамка электромагнитная прямоугольная','000000225',2490.00,'','','',0,0,'',225,5.00,10,1),(131,NULL,'Светильник Мишка в клетку','000000226',2100.00,'','','',0,0,'',226,22.00,10,1),(132,NULL,'Копилка свинья в ассортименте','000000227',450.00,'','','',0,0,'',227,50.00,10,1),(133,NULL,'Скульптор PinArt','000000228',750.00,'','','',0,0,'',228,6.00,10,1),(134,NULL,'Кружки пара Smile','000000229',450.00,'','','',0,0,'',229,41.00,10,1),(135,NULL,'Будильник с мишенью','00000023',1590.00,'','','',0,0,'',23,2.00,10,1),(136,NULL,'Рюмка Бомбочка','000000230',350.00,'','','',0,0,'',230,111.00,10,1),(137,NULL,'Светильник USB Календарь','000000231',990.00,'','','',0,0,'',231,55.00,10,1),(138,NULL,'Светильник USB Панда','000000232',990.00,'','','',0,0,'',232,29.00,10,1),(139,NULL,'Ручки Hand Made в ассортименте','000000233',150.00,'','','',0,0,'',233,1304.00,10,1),(140,NULL,'Фоторамка Куб стеклянный большой','000000234',1490.00,'','','',0,0,'',234,40.00,10,1),(141,NULL,'Держатели для провода Animal в ассортименте','000000235',150.00,'','','',0,0,'',235,674.00,10,1),(142,NULL,'Часы настенные с окошечком механизмы','000000236',3900.00,'','','',0,0,'',236,3.00,10,1),(143,NULL,'Фоторамка стеклянная 12,7*17,8','000000237',890.00,'','','',0,0,'',237,32.00,10,1),(144,NULL,'Брелок Замок ремня безопасности','000000239',750.00,'','','',0,0,'',239,28.00,10,1),(145,NULL,'Highstar HSD128A','',990.00,'','','',0,0,'',24,0.00,10,1),(146,NULL,'Форма Кольца','000000240',350.00,'','','',0,0,'',240,232.00,10,1),(147,NULL,'Колонка Car Series model: X6','000000241',2990.00,'','','',0,0,'',241,10.00,10,1),(148,NULL,'CD Box Кости игральные','000000242',1200.00,'','','',0,0,'',242,1.00,10,1),(149,NULL,'Магниты для холодильника Жвачка','000000243',350.00,'','','',0,0,'',243,217.00,10,1),(150,NULL,'Часы настенные Будильник механизм','000000244',2490.00,'','','',0,0,'',244,7.00,10,1),(151,NULL,'Часы флип Собака','000000245',3490.00,'','','',0,0,'',245,5.00,10,1),(152,NULL,'Банка подарочная в ассортименте','000000246',150.00,'','','',0,0,'',246,111.00,10,1),(153,NULL,'Часы настенные механизмы','000000247',3900.00,'','','',0,0,'',247,3.00,10,1),(154,NULL,'HX-S-9168M','000000248',0.00,'','','',0,0,'',248,0.00,10,1),(155,NULL,'HX-S-9170M','000000249',0.00,'','','',0,0,'',249,0.00,10,1),(156,NULL,'WSPClock 812','',950.00,'','','',0,0,'',25,0.00,10,1),(157,NULL,'HX-S-9169M','000000250',0.00,'','','',0,0,'',250,0.00,10,1),(158,NULL,'Пакет Пуговки лиловый HX-S-9170M','000000255',150.00,'','','',0,0,'',255,81.00,10,1),(159,NULL,'Пакет Пуговки серый HX-S-9169M','000000256',150.00,'','','',0,0,'',256,69.00,10,1),(160,NULL,'Шестиренки большие','',3000.00,'','','',0,0,'',26,0.00,10,1),(161,NULL,'Пакет в полоску с лентой в ассортименте','000000260',100.00,'','','',0,0,'',260,471.00,10,1),(162,NULL,'Пакет в клетку с аппликацией HX-S-9083M','000000261',150.00,'','','',0,0,'',261,57.00,10,1),(163,NULL,'Пакет в клетку с аппликацией HX-S-9082M','000000262',150.00,'','','',0,0,'',262,57.00,10,1),(164,NULL,'Пакет в клетку с аппликацией HX-S-9080M','000000263',150.00,'','','',0,0,'',263,57.00,10,1),(165,NULL,'Пакет в клетку с аппликацией HX-S-9081M','000000264',150.00,'','','',0,0,'',264,57.00,10,1),(166,NULL,'Открытка С в ассортименте','000000265',150.00,'','','',0,0,'',265,0.00,10,1),(167,NULL,'Открытка Р в ассортименте','000000266',150.00,'','','',0,0,'',266,0.00,10,1),(168,NULL,'Батарейка КОСМОС R20','000000267',18.00,'','','',0,0,'',267,0.00,10,1),(169,NULL,'Диспенсер для напитков АЗС 0,9 л','000000268',2100.00,'','','',0,0,'',268,2.00,10,1),(170,NULL,'Кожаный мишка/собака малый размер','000000269',590.00,'','','',0,0,'',269,9.00,10,1),(171,NULL,'Hour Glass Clock','',2750.00,'','','',0,0,'',27,0.00,10,1),(172,NULL,'Брелок с сигналом','000000270',1200.00,'','','',0,0,'',270,10.00,10,1),(173,NULL,'Зажим для денег Georg Jensen','000000271',690.00,'','','',0,0,'',271,11.00,10,1),(174,NULL,'Диспенсер для напитков АЗС 2','000000272',0.00,'','','',0,0,'',272,0.00,10,1),(175,NULL,'Копилка круглая цветная в ассортименте','000000273',250.00,'','','',0,0,'',273,3.00,10,1),(176,NULL,'Копилка Игровой автомат','000000274',1990.00,'','','',0,0,'',274,6.00,10,1),(177,NULL,'Копилка керамическая Animal в ассортименте','000000275',1250.00,'','','',0,0,'',275,15.00,10,1),(178,NULL,'Ручки Жирафики','000000276',150.00,'','','',0,0,'',276,0.00,10,1),(179,NULL,'Магниты для холодильника Мяч-открывашка','000000277',350.00,'','','',0,0,'',277,10.00,10,1),(180,NULL,'Цветной горох KD-20201B','000000278',180.00,'','','',0,0,'',278,46.00,10,1),(181,NULL,'Черно-серый ромб 12S01-1','000000279',160.00,'','','',0,0,'',279,38.00,10,1),(182,NULL,'Часы LED куб малый','000000028',1390.00,'','','',0,0,'',28,1.00,10,1),(183,NULL,'Мишки-зайцы с розовым бантом 12S07-2','000000280',110.00,'','','',0,0,'',280,45.00,10,1),(184,NULL,'Клетка беж с коричневым бантом 12S02-2','000000281',110.00,'','','',0,0,'',281,45.00,10,1),(185,NULL,'Черный в розовый горох 35-2','000000282',110.00,'','','',0,0,'',282,46.00,10,1),(186,NULL,'В бабочку с синим бантом 168-2','000000283',110.00,'','','',0,0,'',283,47.00,10,1),(187,NULL,'Мишка с розовым сердцем','000000284',110.00,'','','',0,0,'',284,46.00,10,1),(188,NULL,'Белый горох с коричневым бантом 171-2','000000285',110.00,'','','',0,0,'',285,44.00,10,1),(189,NULL,'Красный в белый горох с красным бантом 12S03-1','000000286',160.00,'','','',0,0,'',286,50.00,10,1),(190,NULL,'Клетка розовая EFY S11-883(2)','000000287',110.00,'','','',0,0,'',287,45.00,10,1),(191,NULL,'Мишки с кружевами с коричневым бантом S10-451(2)','000000288',110.00,'','','',0,0,'',288,45.00,10,1),(192,NULL,'Розовый со зверушками с розовым бантом WS11-10202(1)','000000289',110.00,'','','',0,0,'',289,47.00,10,1),(193,NULL,'Кукла фарфоровая 40 см','',1000.00,'','','',0,0,'',29,14.00,10,1),(194,NULL,'Кот с рыбой','000000290',350.00,'','','',0,0,'',290,2.00,10,1),(195,NULL,'Собачка на поводке','000000291',250.00,'','','',0,0,'',291,0.00,10,1),(196,NULL,'Царевна лягушка','000000292',350.00,'','','',0,0,'',292,0.00,10,1),(197,NULL,'Человечек с собачкой на поводке','000000293',350.00,'','','',0,0,'',293,7.00,10,1),(198,NULL,'Кожаный кот/поросенок/кролик большой размер','000000295',690.00,'','','',0,0,'',295,12.00,10,1),(199,NULL,'Покрышка','000000296',350.00,'','','',0,0,'',296,12.00,10,1),(200,NULL,'Брелок сердечко','000000297',350.00,'','','',0,0,'',297,0.00,10,1),(201,NULL,'Нано коврик Липучка','000000298',350.00,'','','',0,0,'',298,0.00,10,1),(202,NULL,'Брелок воришка','000000299',350.00,'','','',0,0,'',299,5.00,10,1),(203,NULL,'Собака и кошка','',890.00,'','','',0,0,'',30,0.00,10,1),(204,NULL,'Бумажные стики с клейкой стороной \"BAND memo\"','000000300',50.00,'','','',0,0,'',300,975.00,10,1),(205,NULL,'Стилус-брелок для IPhone/IPad','000000301',250.00,'','','',0,0,'',301,428.00,10,1),(206,NULL,'АЗУ Iphone Power Bank 2800 mah','000000302',2200.00,'','','',0,0,'',302,14.00,10,1),(207,NULL,'АЗУ Iphone 4/4S N-Y-X 1800 mah чехол','000000303',1890.00,'','','',0,0,'',303,5.00,10,1),(208,NULL,'АЗУ IPhone/IPod MIMI Power Angel 2000 mah в ассортименте','000000304',1890.00,'','','',0,0,'',304,33.00,10,1),(209,NULL,'АЗУ IPhone 4/4S со стразами 1800 mah чехол','000000305',1890.00,'','','',0,0,'',305,4.00,10,1),(210,NULL,'АЗУ Iphone 4/4S Разноцветные 1900 mah чехол','000000306',1890.00,'','','',0,0,'',306,21.00,10,1),(211,NULL,'Ведерко с растением LOVE','000000307',350.00,'','','',0,0,'',307,29.00,10,1),(212,NULL,'Flash USB Череп 4 Gb','000000308',990.00,'','','',0,0,'',308,2.00,10,1),(213,NULL,'Flash USB Мальчик с наушниками 8 Gb','000000309',1250.00,'','','',0,0,'',309,5.00,10,1),(214,NULL,'Глобус, вращающийся на плоскости','',750.00,'','','',0,0,'',31,16.00,10,1),(215,NULL,'Flash USB Мальчик с наушниками 4 Gb','000000310',990.00,'','','',0,0,'',310,6.00,10,1),(216,NULL,'Flash USB Вьетнамка 8 Gb','000000311',1250.00,'','','',0,0,'',311,3.00,10,1),(217,NULL,'Flash USB Вьетнамка 4 Gb','000000312',990.00,'','','',0,0,'',312,3.00,10,1),(218,NULL,'Flash USB Мишка POPOBE 8 Gb','000000313',1250.00,'','','',0,0,'',313,9.00,10,1),(219,NULL,'Flash USB Мишка POPOBE 4 Gb','000000314',990.00,'','','',0,0,'',314,10.00,10,1),(220,NULL,'Flash USB Фотокамера 4 Gb M','000000315',1190.00,'','','',0,0,'',315,0.00,10,1),(221,NULL,'Flash USB Фотокамера 8 Gb M','000000317',1500.00,'','','',0,0,'',317,2.00,10,1),(222,NULL,'Flash USB Осьминожка 8 Gb','000000319',1250.00,'','','',0,0,'',319,2.00,10,1),(223,NULL,'Кошки мышки','',650.00,'','','',0,0,'',32,0.00,10,1),(224,NULL,'Flash USB Сапог 4 Gb','000000320',990.00,'','','',0,0,'',320,0.00,10,1),(225,NULL,'Flash USB Сапог 8 Gb','000000321',1250.00,'','','',0,0,'',321,0.00,10,1),(226,NULL,'Flash USB Металлическая со стразами 4 Gb','000000322',1190.00,'','','',0,0,'',322,3.00,10,1),(227,NULL,'Flash USB Металлическая со стразами 8 Gb','000000323',1500.00,'','','',0,0,'',323,1.00,10,1),(228,NULL,'Держатель для телефона Хвост длинный в ассортименте','000000324',190.00,'','','',0,0,'',324,473.00,10,1),(229,NULL,'Дополнительная секция для копилки Свинья в ассортименте','000000325',210.00,'','','',0,0,'',325,110.00,10,1),(230,NULL,'Стакан НОС','000000326',270.00,'','','',0,0,'',326,70.00,10,1),(231,NULL,'Травянчик Grass Head Hair Man','000000327',250.00,'','','',0,0,'',327,264.00,10,1),(232,NULL,'Сменный наполнитель для травянчиков','000000328',30.00,'','','',0,0,'',328,556.00,10,1),(233,NULL,'Колонка для IPod MOGIC Q50 Осьминожка','000000329',6900.00,'','','',0,0,'',329,0.00,10,1),(234,NULL,'Кошечка в коробке','',999.00,'','','',0,0,'',33,1.00,10,1),(235,NULL,'Колонка для Ipod MOGIC Q31 Панда','000000330',5990.00,'','','',0,0,'',330,1.00,10,1),(236,NULL,'Часы LED кирпич','000000331',1990.00,'','','',0,0,'',331,8.00,10,1),(237,NULL,'Часы флип с секундами','000000332',3990.00,'','','',0,0,'',332,0.00,10,1),(238,NULL,'Брелок клавиша Caps Lock','000000333',99.00,'','','',0,0,'',333,448.00,10,1),(239,NULL,'Будильник Romantic Love в ассортименте','000000334',850.00,'','','',0,0,'',334,41.00,10,1),(240,NULL,'Стакан для ручек Мишка плюшевый','000000335',490.00,'','','',0,0,'',335,35.00,10,1),(241,NULL,'Пакет Пуговки голубой','000000336',150.00,'','','',0,0,'',336,84.00,10,1),(242,NULL,'Держатели для телефона Хвостики малые','000000338',0.00,'','','',0,0,'',338,0.00,10,1),(243,NULL,'Копилка игровой автомат большой','000000339',2990.00,'','','',0,0,'',339,0.00,10,1),(244,NULL,'My dog','',990.00,'','','',0,0,'',34,1.00,10,1),(245,NULL,'часы отдельный циферблат бабочки','',2490.00,'','','',0,0,'',340,1.00,10,1),(246,NULL,'Кружка Caniam 70-200 мм','000000341',990.00,'','','',0,0,'',341,0.00,10,1),(247,NULL,'кружка Animal малая','000000342',290.00,'','','',0,0,'',342,0.00,10,1),(248,NULL,'Объемные цифры малые','000000344',1290.00,'','','',0,0,'',344,3.00,10,1),(249,NULL,'Часы бабочки цветные','000000345',2490.00,'','','',0,0,'',345,5.00,10,1),(250,NULL,'батарейка GP super LR 6','',17.00,'','','',0,0,'',346,0.00,10,1),(251,NULL,'батарейка GP super LR 14','',45.00,'','','',0,0,'',347,0.00,10,1),(252,NULL,'Кружка Nikon 24-70','000000348',1190.00,'','','',0,0,'',348,2.00,10,1),(253,NULL,'FaceBank','00000035',990.00,'','','',0,0,'',35,34.00,10,1),(254,NULL,'Pinko B-5013','',250.00,'','','',0,0,'',36,5.00,10,1),(255,NULL,'Сейф','',1199.00,'','','',0,0,'',37,0.00,10,1),(256,NULL,'Шахматы стеклянные 25 см','',390.00,'','','',0,0,'',38,0.00,10,1),(257,NULL,'Мордочки Caomaru','',840.00,'','','',0,0,'',39,0.00,10,1),(258,NULL,'Транспортные услуги','',0.00,'','','',0,0,'',4,0.00,10,1),(259,NULL,'Mikro куб','',450.00,'','','',0,0,'',40,0.00,10,1),(260,NULL,'mimo','',100.00,'','','',0,0,'',41,0.00,10,1),(261,NULL,'POPOBE 15 см','',650.00,'','','',0,0,'',42,0.00,10,1),(262,NULL,'Animal pen силикон','',150.00,'','','',0,0,'',43,950.00,10,1),(263,NULL,'Happy finger силикон','',150.00,'','','',0,0,'',44,0.00,10,1),(264,NULL,'Чистящая жвачка','',150.00,'','','',0,0,'',45,0.00,10,1),(265,NULL,'Травянчик Hair man plant','000000046',250.00,'','','',0,0,'',46,255.00,10,1),(266,NULL,'POPOBE & car 5 5см','',350.00,'','','',0,0,'',47,0.00,10,1),(267,NULL,'Блокнот граната 13*18','',390.00,'','','',0,0,'',48,7.00,10,1),(268,NULL,'Блокнот нож 13*24','',390.00,'','','',0,0,'',49,13.00,10,1),(269,NULL,'Блокнот револьвер 16*23','',390.00,'','','',0,0,'',50,4.00,10,1),(270,NULL,'Светильник Teddy Bear Lamp','',1990.00,'','','',0,0,'',52,4.00,10,1),(271,NULL,'POPOBE 3 см','',250.00,'','','',0,0,'',53,0.00,10,1),(272,NULL,'POPOBE 5 см','',350.00,'','','',0,0,'',54,0.00,10,1),(273,NULL,'Вентилятор без лопастей WW-6','',1190.00,'','','',0,0,'',55,8.00,10,1),(274,NULL,'Mr.Ceo','',990.00,'','','',0,0,'',56,0.00,10,1),(275,NULL,'Innokids в ассортименте','',650.00,'','','',0,0,'',57,1.00,10,1),(276,NULL,'Фоторамка Сердце U002-P','',2100.00,'','','',0,0,'',58,0.00,10,1),(277,NULL,'Фоторамка полумесяц BF00C-P','',1490.00,'','','',0,0,'',59,3.00,10,1),(278,NULL,'TFOUND Объемные цифры','',1990.00,'','','',0,0,'',6,4.00,10,1),(279,NULL,'SpaceRail 231-1','',1399.00,'','','',0,0,'',60,1.00,10,1),(280,NULL,'SpaceRail 231-2','',1499.00,'','','',0,0,'',61,1.00,10,1),(281,NULL,'USB коврик-калькулятор-hub','',950.00,'','','',0,0,'',62,0.00,10,1),(282,NULL,'Мышка машинка','',750.00,'','','',0,0,'',63,0.00,10,1),(283,NULL,'Flash USB Porsche 8 Gb','',1100.00,'','','',0,0,'',64,0.00,10,1),(284,NULL,'Flash USB Осьминожка 4 Gb','',990.00,'','','',0,0,'',65,3.00,10,1),(285,NULL,'Flash USB Пробка 8Gb','',1250.00,'','','',0,0,'',66,0.00,10,1),(286,NULL,'Flash USB Porsche 4 Gb','',1119.00,'','','',0,0,'',67,0.00,10,1),(287,NULL,'Flash USB Пробка 4Gb','',1190.00,'','','',0,0,'',68,0.00,10,1),(288,NULL,'Flash USB Фотокамера 4 Gb XL','000000069',1390.00,'','','',0,0,'',69,0.00,10,1),(289,NULL,'TFOUND Собака','',990.00,'','','',0,0,'',7,0.00,10,1),(290,NULL,'Flash USB Фотокамера 8 Gb XL','000000070',1700.00,'','','',0,0,'',70,0.00,10,1),(291,NULL,'Flash USB Робот 8 Gb','',1550.00,'','','',0,0,'',71,0.00,10,1),(292,NULL,'Flash USB Череп 8 Gb','',1250.00,'','','',0,0,'',72,3.00,10,1),(293,NULL,'Flash Usb Поросенок 4 Gb','',850.00,'','','',0,0,'',73,0.00,10,1),(294,NULL,'Flash USB Совенок 4 Gb','',1450.00,'','','',0,0,'',74,0.00,10,1),(295,NULL,'Flash USB Робот 4 Gb','',1100.00,'','','',0,0,'',75,0.00,10,1),(296,NULL,'Flash USB Совенок 8 Gb','',1700.00,'','','',0,0,'',76,0.00,10,1),(297,NULL,'Андройд в ассортименте','',890.00,'','','',0,0,'',77,3.00,10,1),(298,NULL,'Колонка Котик-Андройд-Ушастик','000000078',2490.00,'','','',0,0,'',78,7.00,10,1),(299,NULL,'Светильник Зайчики в траве','',890.00,'','','',0,0,'',79,2.00,10,1),(300,NULL,'HD Лучи малые','',990.00,'','','',0,0,'',8,2.00,10,1),(301,NULL,'DJ Bears M Клетка','',3500.00,'','','',0,0,'',80,1.00,10,1),(302,NULL,'DJ Bears M Красный','',2990.00,'','','',0,0,'',81,3.00,10,1),(303,NULL,'DJ Rabbits S Розовый','',2690.00,'','','',0,0,'',82,3.00,10,1),(304,NULL,'Icone ET-40001-1','',1890.00,'','','',0,0,'',83,0.00,10,1),(305,NULL,'MO Coffe cup Love','',1290.00,'','','',0,0,'',84,9.00,10,1),(306,NULL,'Стакан с черепом Doomed','00000085',390.00,'','','',0,0,'',85,88.00,10,1),(307,NULL,'Стакан OOU! черный с сюрпризом','',890.00,'','','',0,0,'',86,0.00,10,1),(308,NULL,'Кувшин для сливок Коровка','',690.00,'','','',0,0,'',87,61.00,10,1),(309,NULL,'Caniam 24-105 мм','',650.00,'','','',0,0,'',88,9.00,10,1),(310,NULL,'Canon 24-105 мм','',1620.00,'','','',0,0,'',89,0.00,10,1),(311,NULL,'Бабочки тонкий пластик','',250.00,'','','',0,0,'',9,0.00,10,1),(312,NULL,'Кувшин для сливок Миникартон','',690.00,'','','',0,0,'',90,75.00,10,1),(313,NULL,'Ледяные рюмки в ассортименте','',350.00,'','','',0,0,'',91,22.00,10,1),(314,NULL,'Кружка Mr.P Propaganda','',450.00,'','','',0,0,'',92,0.00,10,1),(315,NULL,'Кружка Who','',450.00,'','','',0,0,'',93,0.00,10,1),(316,NULL,'Стакан с бутылкой пива','',590.00,'','','',0,0,'',94,2.00,10,1),(317,NULL,'Кружка On-Off','',450.00,'','','',0,0,'',95,0.00,10,1),(318,NULL,'Кружка Бензобак','00000096',450.00,'','','',0,0,'',96,6.00,10,1),(319,NULL,'Gin & Titonic 7006','',350.00,'','','',0,0,'',97,10.00,10,1),(320,NULL,'Glow Brick Blue','',1190.00,'','','',0,0,'',98,0.00,10,1),(321,NULL,'Форма Пистолеты','',350.00,'','','',0,0,'',99,0.00,10,1);
/*!40000 ALTER TABLE `products_product` ENABLE KEYS */;
UNLOCK TABLES;

--
-- Table structure for table `django_site`
--

DROP TABLE IF EXISTS `django_site`;
/*!40101 SET @saved_cs_client     = @@character_set_client */;
/*!40101 SET character_set_client = utf8 */;
CREATE TABLE `django_site` (
  `id` int(11) NOT NULL AUTO_INCREMENT,
  `domain` varchar(100) NOT NULL,
  `name` varchar(50) NOT NULL,
  PRIMARY KEY (`id`)
) ENGINE=InnoDB AUTO_INCREMENT=2 DEFAULT CHARSET=utf8;
/*!40101 SET character_set_client = @saved_cs_client */;

--
-- Dumping data for table `django_site`
--

LOCK TABLES `django_site` WRITE;
/*!40000 ALTER TABLE `django_site` DISABLE KEYS */;
INSERT INTO `django_site` VALUES (1,'example.com','example.com');
/*!40000 ALTER TABLE `django_site` ENABLE KEYS */;
UNLOCK TABLES;

--
-- Table structure for table `inheritanceUser_customuser`
--

DROP TABLE IF EXISTS `inheritanceUser_customuser`;
/*!40101 SET @saved_cs_client     = @@character_set_client */;
/*!40101 SET character_set_client = utf8 */;
CREATE TABLE `inheritanceUser_customuser` (
  `user_ptr_id` int(11) NOT NULL,
  `phone` varchar(20) NOT NULL,
  `discount_card_number` varchar(100) NOT NULL,
  `is_receive_mailer` tinyint(1) NOT NULL,
  PRIMARY KEY (`user_ptr_id`),
  CONSTRAINT `user_ptr_id_refs_id_75b3f47e` FOREIGN KEY (`user_ptr_id`) REFERENCES `auth_user` (`id`)
) ENGINE=InnoDB DEFAULT CHARSET=utf8;
/*!40101 SET character_set_client = @saved_cs_client */;

--
-- Dumping data for table `inheritanceUser_customuser`
--

LOCK TABLES `inheritanceUser_customuser` WRITE;
/*!40000 ALTER TABLE `inheritanceUser_customuser` DISABLE KEYS */;
INSERT INTO `inheritanceUser_customuser` VALUES (3,'66466','',1);
/*!40000 ALTER TABLE `inheritanceUser_customuser` ENABLE KEYS */;
UNLOCK TABLES;

--
-- Table structure for table `django_content_type`
--

DROP TABLE IF EXISTS `django_content_type`;
/*!40101 SET @saved_cs_client     = @@character_set_client */;
/*!40101 SET character_set_client = utf8 */;
CREATE TABLE `django_content_type` (
  `id` int(11) NOT NULL AUTO_INCREMENT,
  `name` varchar(100) NOT NULL,
  `app_label` varchar(100) NOT NULL,
  `model` varchar(100) NOT NULL,
  PRIMARY KEY (`id`),
  UNIQUE KEY `app_label` (`app_label`,`model`)
) ENGINE=InnoDB AUTO_INCREMENT=30 DEFAULT CHARSET=utf8;
/*!40101 SET character_set_client = @saved_cs_client */;

--
-- Dumping data for table `django_content_type`
--

LOCK TABLES `django_content_type` WRITE;
/*!40000 ALTER TABLE `django_content_type` DISABLE KEYS */;
INSERT INTO `django_content_type` VALUES (1,'bookmark','menu','bookmark'),(2,'dashboard preferences','dashboard','dashboardpreferences'),(3,'permission','auth','permission'),(4,'group','auth','group'),(5,'user','auth','user'),(6,'message','auth','message'),(7,'content type','contenttypes','contenttype'),(8,'session','sessions','session'),(9,'site','sites','site'),(10,'log entry','admin','logentry'),(11,'site_setting','siteblocks','settings'),(12,'slider_photo','slider','photo'),(13,'category','products','category'),(14,'product_item','products','product'),(15,'product_photo','products','photo'),(16,'featurename_item','products','featurename'),(17,'featurevalue_item','products','featurevalue'),(18,'cart','orders','cart'),(19,'product_item','orders','cartproduct'),(20,'order_item','orders','order'),(21,'product_item','orders','orderproduct'),(22,'пользователь','inheritanceUser','customuser'),(23,'profile_addres','inheritanceUser','customuseraddress'),(24,'discount_card','inheritanceUser','discountcard'),(25,'kv store','thumbnail','kvstore'),(26,'page_item','pages','page'),(27,'файл','pages','pagedoc'),(28,'картинка','pages','pagepic'),(29,'meta','pages','metadata');
/*!40000 ALTER TABLE `django_content_type` ENABLE KEYS */;
UNLOCK TABLES;

--
-- Table structure for table `admin_tools_menu_bookmark`
--

DROP TABLE IF EXISTS `admin_tools_menu_bookmark`;
/*!40101 SET @saved_cs_client     = @@character_set_client */;
/*!40101 SET character_set_client = utf8 */;
CREATE TABLE `admin_tools_menu_bookmark` (
  `id` int(11) NOT NULL AUTO_INCREMENT,
  `user_id` int(11) NOT NULL,
  `url` varchar(255) NOT NULL,
  `title` varchar(255) NOT NULL,
  PRIMARY KEY (`id`),
  KEY `admin_tools_menu_bookmark_fbfc09f1` (`user_id`),
  CONSTRAINT `user_id_refs_id_63b2844f` FOREIGN KEY (`user_id`) REFERENCES `auth_user` (`id`)
) ENGINE=InnoDB DEFAULT CHARSET=utf8;
/*!40101 SET character_set_client = @saved_cs_client */;

--
-- Dumping data for table `admin_tools_menu_bookmark`
--

LOCK TABLES `admin_tools_menu_bookmark` WRITE;
/*!40000 ALTER TABLE `admin_tools_menu_bookmark` DISABLE KEYS */;
/*!40000 ALTER TABLE `admin_tools_menu_bookmark` ENABLE KEYS */;
UNLOCK TABLES;

--
-- Table structure for table `django_session`
--

DROP TABLE IF EXISTS `django_session`;
/*!40101 SET @saved_cs_client     = @@character_set_client */;
/*!40101 SET character_set_client = utf8 */;
CREATE TABLE `django_session` (
  `session_key` varchar(40) NOT NULL,
  `session_data` longtext NOT NULL,
  `expire_date` datetime NOT NULL,
  PRIMARY KEY (`session_key`),
  KEY `django_session_c25c2c28` (`expire_date`)
) ENGINE=InnoDB DEFAULT CHARSET=utf8;
/*!40101 SET character_set_client = @saved_cs_client */;

--
-- Dumping data for table `django_session`
--

LOCK TABLES `django_session` WRITE;
/*!40000 ALTER TABLE `django_session` DISABLE KEYS */;
INSERT INTO `django_session` VALUES ('1ff748b7abd7dc29552c6fbcde88b773','NDUwMmU4ZjI1NzhkZGY2ODI5Y2FmNzVlYzFkNjU5MzJjM2EwMjI2MzqAAn1xAS4=\n','2013-02-19 22:01:40'),('a1d7cecdda4ee49d1eaada7566226788','NGQyM2IwN2I1M2Y2M2M5MjhlNzI4ZGJkMTcwNGUxOWM3NWZkNDI2ZjqAAn1xAShVEl9hdXRoX3Vz\nZXJfYmFja2VuZHECVSlhcHBzLmF1dGhfYmFja2VuZHMuQ3VzdG9tVXNlck1vZGVsQmFja2VuZHED\nVQ1fYXV0aF91c2VyX2lkcQSKAQN1Lg==\n','2013-02-19 21:59:33');
/*!40000 ALTER TABLE `django_session` ENABLE KEYS */;
UNLOCK TABLES;

--
-- Table structure for table `auth_user_groups`
--

DROP TABLE IF EXISTS `auth_user_groups`;
/*!40101 SET @saved_cs_client     = @@character_set_client */;
/*!40101 SET character_set_client = utf8 */;
CREATE TABLE `auth_user_groups` (
  `id` int(11) NOT NULL AUTO_INCREMENT,
  `user_id` int(11) NOT NULL,
  `group_id` int(11) NOT NULL,
  PRIMARY KEY (`id`),
  UNIQUE KEY `user_id` (`user_id`,`group_id`),
  KEY `auth_user_groups_fbfc09f1` (`user_id`),
  KEY `auth_user_groups_bda51c3c` (`group_id`),
  CONSTRAINT `group_id_refs_id_f0ee9890` FOREIGN KEY (`group_id`) REFERENCES `auth_group` (`id`),
  CONSTRAINT `user_id_refs_id_831107f1` FOREIGN KEY (`user_id`) REFERENCES `auth_user` (`id`)
) ENGINE=InnoDB DEFAULT CHARSET=utf8;
/*!40101 SET character_set_client = @saved_cs_client */;

--
-- Dumping data for table `auth_user_groups`
--

LOCK TABLES `auth_user_groups` WRITE;
/*!40000 ALTER TABLE `auth_user_groups` DISABLE KEYS */;
/*!40000 ALTER TABLE `auth_user_groups` ENABLE KEYS */;
UNLOCK TABLES;

--
-- Table structure for table `orders_order`
--

DROP TABLE IF EXISTS `orders_order`;
/*!40101 SET @saved_cs_client     = @@character_set_client */;
/*!40101 SET character_set_client = utf8 */;
CREATE TABLE `orders_order` (
  `id` int(11) NOT NULL AUTO_INCREMENT,
  `profile_id` int(11) DEFAULT NULL,
  `first_name` varchar(100) NOT NULL,
  `last_name` varchar(100) NOT NULL,
  `email` varchar(75) NOT NULL,
  `phone` varchar(50) NOT NULL,
  `order_carting` varchar(30) NOT NULL,
  `order_payment` varchar(30) NOT NULL,
  `order_status` varchar(30) NOT NULL,
  `index` varchar(50) NOT NULL,
  `city` varchar(50) NOT NULL,
  `street` varchar(70) NOT NULL,
  `house_no` varchar(70) NOT NULL,
  `apartment` varchar(20) NOT NULL,
  `note` varchar(255) NOT NULL,
  `total_price` decimal(10,2) NOT NULL,
  `create_date` datetime NOT NULL,
  PRIMARY KEY (`id`),
  KEY `orders_order_141c6eec` (`profile_id`),
  CONSTRAINT `profile_id_refs_user_ptr_id_54627d09` FOREIGN KEY (`profile_id`) REFERENCES `inheritanceUser_customuser` (`user_ptr_id`)
) ENGINE=InnoDB AUTO_INCREMENT=6 DEFAULT CHARSET=utf8;
/*!40101 SET character_set_client = @saved_cs_client */;

--
-- Dumping data for table `orders_order`
--

LOCK TABLES `orders_order` WRITE;
/*!40000 ALTER TABLE `orders_order` DISABLE KEYS */;
INSERT INTO `orders_order` VALUES (3,3,'Лущий','Степан','steeg@mail.ru','66466','country','cash_on_delivery','processed','35466516','Чита','Северный','58','33','',2040.00,'2013-02-05 21:25:39'),(4,NULL,'Иван','Иванов','steeg@mail.ru','666446','selfcarting','cash_on_delivery','processed','','','','','','',1220.00,'2013-02-05 22:07:50'),(5,3,'Лущий','Степан','steeg@mail.ru','66466','country','cash_on_delivery','processed','35466516','Чита','Северный','58','33','',1002.00,'2013-02-05 22:17:42');
/*!40000 ALTER TABLE `orders_order` ENABLE KEYS */;
UNLOCK TABLES;

--
-- Table structure for table `inheritanceUser_customuseraddress`
--

DROP TABLE IF EXISTS `inheritanceUser_customuseraddress`;
/*!40101 SET @saved_cs_client     = @@character_set_client */;
/*!40101 SET character_set_client = utf8 */;
CREATE TABLE `inheritanceUser_customuseraddress` (
  `id` int(11) NOT NULL AUTO_INCREMENT,
  `user_id` int(11) NOT NULL,
  `index` varchar(50) NOT NULL,
  `city` varchar(50) NOT NULL,
  `street` varchar(70) NOT NULL,
  `house_no` varchar(70) NOT NULL,
  `apartment` varchar(20) NOT NULL,
  `note` varchar(255) NOT NULL,
  PRIMARY KEY (`id`),
  KEY `inheritanceUser_customuseraddress_fbfc09f1` (`user_id`),
  CONSTRAINT `user_id_refs_id_5f593195` FOREIGN KEY (`user_id`) REFERENCES `auth_user` (`id`)
) ENGINE=InnoDB AUTO_INCREMENT=2 DEFAULT CHARSET=utf8;
/*!40101 SET character_set_client = @saved_cs_client */;

--
-- Dumping data for table `inheritanceUser_customuseraddress`
--

LOCK TABLES `inheritanceUser_customuseraddress` WRITE;
/*!40000 ALTER TABLE `inheritanceUser_customuseraddress` DISABLE KEYS */;
INSERT INTO `inheritanceUser_customuseraddress` VALUES (1,3,'35466516','Чита','Северный','58','33','');
/*!40000 ALTER TABLE `inheritanceUser_customuseraddress` ENABLE KEYS */;
UNLOCK TABLES;

--
-- Table structure for table `products_featurename`
--

DROP TABLE IF EXISTS `products_featurename`;
/*!40101 SET @saved_cs_client     = @@character_set_client */;
/*!40101 SET character_set_client = utf8 */;
CREATE TABLE `products_featurename` (
  `id` int(11) NOT NULL AUTO_INCREMENT,
  `title` varchar(400) NOT NULL,
  PRIMARY KEY (`id`)
) ENGINE=InnoDB AUTO_INCREMENT=5 DEFAULT CHARSET=utf8;
/*!40101 SET character_set_client = @saved_cs_client */;

--
-- Dumping data for table `products_featurename`
--

LOCK TABLES `products_featurename` WRITE;
/*!40000 ALTER TABLE `products_featurename` DISABLE KEYS */;
INSERT INTO `products_featurename` VALUES (1,'размер'),(2,'вес'),(3,'материал'),(4,'производитель');
/*!40000 ALTER TABLE `products_featurename` ENABLE KEYS */;
UNLOCK TABLES;

--
-- Table structure for table `orders_cartproduct`
--

DROP TABLE IF EXISTS `orders_cartproduct`;
/*!40101 SET @saved_cs_client     = @@character_set_client */;
/*!40101 SET character_set_client = utf8 */;
CREATE TABLE `orders_cartproduct` (
  `id` int(11) NOT NULL AUTO_INCREMENT,
  `cart_id` int(11) NOT NULL,
  `count` int(10) unsigned NOT NULL,
  `product_id` int(11) NOT NULL,
  `is_deleted` tinyint(1) NOT NULL,
  PRIMARY KEY (`id`),
  KEY `orders_cartproduct_129fc6a` (`cart_id`),
  KEY `orders_cartproduct_bb420c12` (`product_id`),
  CONSTRAINT `cart_id_refs_id_dd0597e9` FOREIGN KEY (`cart_id`) REFERENCES `orders_cart` (`id`),
  CONSTRAINT `product_id_refs_id_b141429c` FOREIGN KEY (`product_id`) REFERENCES `products_product` (`id`)
) ENGINE=InnoDB AUTO_INCREMENT=4 DEFAULT CHARSET=utf8;
/*!40101 SET character_set_client = @saved_cs_client */;

--
-- Dumping data for table `orders_cartproduct`
--

LOCK TABLES `orders_cartproduct` WRITE;
/*!40000 ALTER TABLE `orders_cartproduct` DISABLE KEYS */;
/*!40000 ALTER TABLE `orders_cartproduct` ENABLE KEYS */;
UNLOCK TABLES;

--
-- Table structure for table `pages_page`
--

DROP TABLE IF EXISTS `pages_page`;
/*!40101 SET @saved_cs_client     = @@character_set_client */;
/*!40101 SET character_set_client = utf8 */;
CREATE TABLE `pages_page` (
  `id` int(11) NOT NULL AUTO_INCREMENT,
  `date_add` datetime NOT NULL,
  `title` varchar(120) NOT NULL,
  `url` varchar(200) NOT NULL,
  `parent_id` int(11) DEFAULT NULL,
  `content` longtext NOT NULL,
  `order` int(11) NOT NULL,
  `is_published` tinyint(1) NOT NULL,
  `is_at_menu` tinyint(1) NOT NULL,
  `is_at_footer_menu` tinyint(1) NOT NULL,
  `template` varchar(100) NOT NULL,
  `lft` int(10) unsigned NOT NULL,
  `rght` int(10) unsigned NOT NULL,
  `tree_id` int(10) unsigned NOT NULL,
  `level` int(10) unsigned NOT NULL,
  PRIMARY KEY (`id`),
  UNIQUE KEY `url` (`url`),
  KEY `pages_page_63f17a16` (`parent_id`),
  KEY `pages_page_42b06ff6` (`lft`),
  KEY `pages_page_91543e5a` (`rght`),
  KEY `pages_page_efd07f28` (`tree_id`),
  KEY `pages_page_2a8f42e8` (`level`),
  CONSTRAINT `parent_id_refs_id_353c0eed` FOREIGN KEY (`parent_id`) REFERENCES `pages_page` (`id`)
) ENGINE=InnoDB DEFAULT CHARSET=utf8;
/*!40101 SET character_set_client = @saved_cs_client */;

--
-- Dumping data for table `pages_page`
--

LOCK TABLES `pages_page` WRITE;
/*!40000 ALTER TABLE `pages_page` DISABLE KEYS */;
/*!40000 ALTER TABLE `pages_page` ENABLE KEYS */;
UNLOCK TABLES;

--
-- Table structure for table `siteblocks_settings`
--

DROP TABLE IF EXISTS `siteblocks_settings`;
/*!40101 SET @saved_cs_client     = @@character_set_client */;
/*!40101 SET character_set_client = utf8 */;
CREATE TABLE `siteblocks_settings` (
  `id` int(11) NOT NULL AUTO_INCREMENT,
  `title` varchar(150) NOT NULL,
  `name` varchar(250) NOT NULL,
  `value` longtext NOT NULL,
  `type` varchar(20) NOT NULL,
  PRIMARY KEY (`id`)
) ENGINE=InnoDB AUTO_INCREMENT=10 DEFAULT CHARSET=utf8;
/*!40101 SET character_set_client = @saved_cs_client */;

--
-- Dumping data for table `siteblocks_settings`
--

LOCK TABLES `siteblocks_settings` WRITE;
/*!40000 ALTER TABLE `siteblocks_settings` DISABLE KEYS */;
INSERT INTO `siteblocks_settings` VALUES (1,'Номер телефона для отображение на сайте','phonenum','+7 945 785-32-11','input'),(2,'Служебный почтовый ящик','workemail','store@slon-drakon.ru','input'),(3,'Текст про доставку','delivery_text','\r\n								<h1>Доставка</h1>\r\n								<h2>Курьерская доставка</h2>\r\n								<p>Курьерская доставка по Питеру. Возможна даже в день заказа</p>\r\n								<h2>EMS Почта России</h2>\r\n								<p>Мы можем отправить заказ курьерской экспресс-доставкой EMS Почта России, которая доставит ваш заказ в самые короткие сроки по всей России (2-5 дня в центральные города области, 3-8 дней в остальные города).</p>\r\n								<p><i>Обращаем Ваше внимание на возможное увеличение сроков доставки по не зависящим от нас причинам.</i></p>\r\n							','redactor'),(4,'Текст про оплату','payment_text','<h1>Оплата</h1>\r\n<h2>Наличными курьеру</h2>\r\n\r\n<p>При получении заказа, Вы оплачиваете его наличными курьеру.</p>\r\n<h2>Наложенный платеж</h2>\r\n\r\n<p>При получении посылки, Вы оплачиваете заказ на Почте.</p>\r\n<h2>Онлайн платежи</h2>\r\n\r\n<p>Мы принимаем банковские карты.</p>\r\n\r\n<p><img src=\"/media/images/visa.png\" alt=\"\"></p>','redactor'),(5,'Текст про возврат товара','return_text','\r\n								<h1>Возврат товара</h1>\r\n								<p>В соответствии с Постановлением Правительства Российской Федерации от 27 сентября 2007 г. № 612 «Об утверждении правил продажи товаров дистанционным способом», доводим до Вашего сведения, что Покупатель вправе отказаться от товара в любое время до его передачи, а после передачи товара — в течение 7 дней.</p>\r\n								<p>Возврат осуществляется по адресу: Пулковское шоссе, 25, корп. 1, лит. А</p>\r\n					','redactor'),(6,'Контакты','contacts','<h1><a href=\"#accord1\" class=\"accord-lnk current\">Контакты</a></h1>\r\n								<div id=\"accord1\" class=\"accord\" style=\"display: block;\">\r\n									<h2>Магазин в ТЦ «Лето»</h2>\r\n									<div class=\"map-mark\"></div>\r\n									<div class=\"map-des\">\r\n										<a href=\"#\">Пулковское шоссе, 25, корп. 1, лит. А</a>\r\n										<div><i>с 10 до 19 часов</i></div>\r\n									</div>\r\n									<h2>+7 495 785-32-11</h2>\r\n									<a href=\"mailto:store@slon-drakon.ru\">store@slon-drakon.ru</a>\r\n								</div>\r\n								<h1><a href=\"#accord2\" class=\"accord-lnk\">Оптовые продажи</a></h1>\r\n								<div id=\"accord2\" class=\"accord\">\r\n									<p>В соответствии с Постановлением Правительства Российской Федерации от 27 сентября 2007 г. № 612 «Об утверждении правил продажи товаров дистанционным способом», доводим до Вашего сведения, что Покупатель вправе отказаться от товара в любое время до его передачи, а после передачи товара — в течение 7 дней.</p>\r\n									<p>Возврат осуществляется по адресу: Пулковское шоссе, 25, корп. 1, лит. А</p>\r\n								</div>\r\n								<h1><a href=\"#accord3\" class=\"accord-lnk\">Сотрудничество</a></h1>\r\n								<div id=\"accord3\" class=\"accord\">\r\n									<p>В соответствии с Постановлением Правительства Российской Федерации от 27 сентября 2007 г. № 612 «Об утверждении правил продажи товаров дистанционным способом», доводим до Вашего сведения, что Покупатель вправе отказаться от товара в любое время до его передачи, а после передачи товара — в течение 7 дней.</p>\r\n									<p>Возврат осуществляется по адресу: Пулковское шоссе, 25, корп. 1, лит. А</p>\r\n								</div>\r\n								<h1><a href=\"#accord4\" class=\"accord-lnk\">Вакансии</a><span class=\"worker\">2 работника</span></h1>\r\n								<div id=\"accord4\" class=\"accord\">\r\n									<p>В соответствии с Постановлением Правительства Российской Федерации от 27 сентября 2007 г. № 612 «Об утверждении правил продажи товаров дистанционным способом», доводим до Вашего сведения, что Покупатель вправе отказаться от товара в любое время до его передачи, а после передачи товара — в течение 7 дней.</p>\r\n									<p>Возврат осуществляется по адресу: Пулковское шоссе, 25, корп. 1, лит. А</p>\r\n								</div>\r\n','redactor'),(7,'Текст про Самовывоз','selfcarting_text','Текст про Самовывоз','redactor'),(8,'Текст про Курьерскую доставку по СПб','express_text','Текст про Курьерскую доставку по СПб','redactor'),(9,'Стоимость за Курьерской доставки','express_price','200','input');
/*!40000 ALTER TABLE `siteblocks_settings` ENABLE KEYS */;
UNLOCK TABLES;

--
-- Table structure for table `pages_pagepic`
--

DROP TABLE IF EXISTS `pages_pagepic`;
/*!40101 SET @saved_cs_client     = @@character_set_client */;
/*!40101 SET character_set_client = utf8 */;
CREATE TABLE `pages_pagepic` (
  `id` int(11) NOT NULL AUTO_INCREMENT,
  `title` varchar(250) NOT NULL,
  `size` int(11) NOT NULL,
  `order` int(10) unsigned NOT NULL,
  `file` varchar(100) NOT NULL,
  `page_id` int(11) NOT NULL,
  PRIMARY KEY (`id`),
  KEY `pages_pagepic_32d04bc7` (`page_id`),
  CONSTRAINT `page_id_refs_id_42aca3ec` FOREIGN KEY (`page_id`) REFERENCES `pages_page` (`id`)
) ENGINE=InnoDB DEFAULT CHARSET=utf8;
/*!40101 SET character_set_client = @saved_cs_client */;

--
-- Dumping data for table `pages_pagepic`
--

LOCK TABLES `pages_pagepic` WRITE;
/*!40000 ALTER TABLE `pages_pagepic` DISABLE KEYS */;
/*!40000 ALTER TABLE `pages_pagepic` ENABLE KEYS */;
UNLOCK TABLES;

--
-- Table structure for table `django_admin_log`
--

DROP TABLE IF EXISTS `django_admin_log`;
/*!40101 SET @saved_cs_client     = @@character_set_client */;
/*!40101 SET character_set_client = utf8 */;
CREATE TABLE `django_admin_log` (
  `id` int(11) NOT NULL AUTO_INCREMENT,
  `action_time` datetime NOT NULL,
  `user_id` int(11) NOT NULL,
  `content_type_id` int(11) DEFAULT NULL,
  `object_id` longtext,
  `object_repr` varchar(200) NOT NULL,
  `action_flag` smallint(5) unsigned NOT NULL,
  `change_message` longtext NOT NULL,
  PRIMARY KEY (`id`),
  KEY `django_admin_log_fbfc09f1` (`user_id`),
  KEY `django_admin_log_e4470c6e` (`content_type_id`),
  CONSTRAINT `content_type_id_refs_id_288599e6` FOREIGN KEY (`content_type_id`) REFERENCES `django_content_type` (`id`),
  CONSTRAINT `user_id_refs_id_c8665aa` FOREIGN KEY (`user_id`) REFERENCES `auth_user` (`id`)
) ENGINE=InnoDB AUTO_INCREMENT=73 DEFAULT CHARSET=utf8;
/*!40101 SET character_set_client = @saved_cs_client */;

--
-- Dumping data for table `django_admin_log`
--

LOCK TABLES `django_admin_log` WRITE;
/*!40000 ALTER TABLE `django_admin_log` DISABLE KEYS */;
INSERT INTO `django_admin_log` VALUES (1,'2013-02-05 10:28:32',3,22,'3','admin',2,'Изменен last_name,first_name и phone.'),(2,'2013-02-05 10:30:22',3,13,'1','Для дома',1,''),(3,'2013-02-05 10:30:47',3,13,'2','Аксессуары',1,''),(4,'2013-02-05 10:31:07',3,13,'3','Канцелярия',1,''),(5,'2013-02-05 10:31:18',3,13,'1','Для дома',2,'Изменен is_footer_menu.'),(6,'2013-02-05 10:32:59',3,13,'4','Для компьютера',1,''),(7,'2013-02-05 10:33:35',3,13,'5','Брелоки',1,''),(8,'2013-02-05 10:33:54',3,13,'6','Весёлые подарки',1,''),(9,'2013-02-05 10:34:23',3,13,'7','Для телефона',1,''),(10,'2013-02-05 10:34:41',3,16,'1','размер',1,''),(11,'2013-02-05 10:34:50',3,16,'2','вес',1,''),(12,'2013-02-05 10:34:59',3,16,'3','материал',1,''),(13,'2013-02-05 10:35:05',3,16,'4','производитель',1,''),(14,'2013-02-05 10:43:10',3,14,'1','ТАЙМЕР-АВТОМАТ ДЛЯ ВАРКИ ЯИЦ «РОК-Н-РОЛЛ». Артикул: арт. 25789',1,''),(15,'2013-02-05 10:44:31',3,14,'2','Деревянная копилка «Птичка». Артикул: aрт. 656516',1,''),(16,'2013-02-05 10:47:49',3,14,'1','ТАЙМЕР-АВТОМАТ ДЛЯ ВАРКИ ЯИЦ «РОК-Н-РОЛЛ». Артикул: арт. 25789',2,'Добавлен фотография \"Фото товара ТАЙМЕР-АВТОМАТ ДЛЯ ВАРКИ ЯИЦ «РОК-Н-РОЛЛ»\". Добавлен фотография \"Фото товара ТАЙМЕР-АВТОМАТ ДЛЯ ВАРКИ ЯИЦ «РОК-Н-РОЛЛ»\". Добавлен фотография \"Фото товара ТАЙМЕР-АВТОМАТ ДЛЯ ВАРКИ ЯИЦ «РОК-Н-РОЛЛ»\". Добавлен значение \"4 х 4 х 6 см\".'),(17,'2013-02-05 10:48:44',3,14,'1','ТАЙМЕР-АВТОМАТ ДЛЯ ВАРКИ ЯИЦ «РОК-Н-РОЛЛ». Артикул: арт. 25789',2,'Добавлен значение \"300 гр\". Добавлен значение \"Пищевой пластик\". Добавлен значение \"Германия\".'),(18,'2013-02-05 10:50:50',3,11,'1','phonenum',1,''),(19,'2013-02-05 10:51:27',3,11,'2','workemail',1,''),(20,'2013-02-05 10:52:15',3,11,'3','delivery_text',1,''),(21,'2013-02-05 10:52:43',3,11,'3','delivery_text',2,'Изменен value.'),(22,'2013-02-05 10:53:47',3,11,'4','payment_text',1,''),(23,'2013-02-05 10:54:18',3,11,'4','payment_text',2,'Изменен value.'),(24,'2013-02-05 10:55:25',3,11,'4','payment_text',2,'Изменен value.'),(25,'2013-02-05 10:56:13',3,11,'5','return_text',1,''),(26,'2013-02-05 10:56:45',3,11,'6','contacts',1,''),(27,'2013-02-05 10:58:04',3,11,'6','contacts',2,'Изменен value.'),(28,'2013-02-05 11:00:48',3,11,'6','contacts',2,'Изменен value.'),(29,'2013-02-05 11:05:24',3,11,'6','contacts',2,'Изменен value.'),(30,'2013-02-05 11:08:15',3,11,'6','contacts',2,'Ни одно поле не изменено.'),(31,'2013-02-05 11:08:56',3,11,'6','contacts',2,'Изменен value.'),(32,'2013-02-05 11:11:34',3,11,'6','contacts',2,'Ни одно поле не изменено.'),(33,'2013-02-05 11:11:42',3,11,'6','contacts',2,'Изменен value.'),(34,'2013-02-05 11:12:21',3,11,'6','contacts',2,'Ни одно поле не изменено.'),(35,'2013-02-05 11:13:21',3,11,'6','contacts',2,'Изменен value.'),(36,'2013-02-05 11:13:29',3,11,'6','contacts',2,'Изменен value.'),(37,'2013-02-05 14:27:52',3,12,'1','ID фото 1',1,''),(38,'2013-02-05 14:28:21',3,12,'2','ID фото 2',1,''),(39,'2013-02-05 15:02:52',3,13,'7','Для телефона',2,'Изменен is_footer_menu.'),(40,'2013-02-05 15:26:29',3,13,'1','Для дома',2,'Изменен is_published.'),(41,'2013-02-05 15:33:11',3,13,'1','Для дома',2,'Изменен is_published.'),(42,'2013-02-05 15:33:24',3,14,'2','Деревянная копилка «Птичка». Артикул: aрт. 656516',2,'Изменен is_published.'),(43,'2013-02-05 15:33:33',3,14,'2','Деревянная копилка «Птичка». Артикул: aрт. 656516',2,'Изменен is_published.'),(44,'2013-02-05 15:33:59',3,14,'2','Деревянная копилка «Птичка». Артикул: aрт. 656516',2,'Изменен price.'),(45,'2013-02-05 15:42:58',3,14,'2','Деревянная копилка «Птичка». Артикул: aрт. 656516',2,'Изменен price.'),(46,'2013-02-05 15:42:58',3,14,'2','Деревянная копилка «Птичка». Артикул: aрт. 656516',2,'Ни одно поле не изменено.'),(47,'2013-02-05 15:43:07',3,14,'2','Деревянная копилка «Птичка». Артикул: aрт. 656516',2,'Изменен price.'),(48,'2013-02-05 16:51:25',3,14,'3','Скрипка. Артикул: арт. 2572',1,''),(49,'2013-02-05 16:59:14',3,14,'3','Скрипка. Артикул: арт. 2572',2,'Изменен is_published.'),(50,'2013-02-05 16:59:23',3,14,'3','Скрипка. Артикул: арт. 2572',2,'Изменен is_published.'),(51,'2013-02-05 17:13:47',3,14,'3','Скрипка. Артикул: арт. 2572',2,'Изменен related_products.'),(52,'2013-02-05 17:14:32',3,14,'1','ТАЙМЕР-АВТОМАТ ДЛЯ ВАРКИ ЯИЦ «РОК-Н-РОЛЛ». Артикул: арт. 25789',2,'Изменен related_products.'),(53,'2013-02-05 17:56:56',3,22,'3','admin',2,'Изменен username.'),(54,'2013-02-05 18:58:31',3,18,'1',' - 2013-02-05 18:58:23',1,''),(55,'2013-02-05 18:58:36',3,18,'1',' - 2013-02-05 18:58:23',2,'Изменен profile.'),(56,'2013-02-05 19:08:22',3,20,'1','заказ №1',1,''),(57,'2013-02-05 19:08:57',3,20,'1','заказ №1',2,'Добавлен товар \"на сумму 500 руб.\".'),(58,'2013-02-05 19:12:56',3,20,'2','заказ №2',1,''),(59,'2013-02-05 19:29:01',3,20,'2','заказ №2',3,''),(60,'2013-02-05 19:29:01',3,20,'1','заказ №1',3,''),(61,'2013-02-05 20:06:47',3,11,'7','selfcarting_text',1,''),(62,'2013-02-05 20:07:24',3,11,'8','express_text',1,''),(63,'2013-02-05 20:30:45',3,22,'3','admin',2,'Добавлен адрес \"Чита Северный\".'),(64,'2013-02-05 20:43:57',3,11,'9','express_price',1,''),(65,'2013-02-05 21:29:51',3,20,'3','заказ №3',2,'Изменен total_price.'),(66,'2013-02-05 21:57:38',3,18,'2','aa5022013878431eca2956fb1f85b68e - 2013-02-05 21:56:29',1,''),(67,'2013-02-05 21:59:14',3,18,'2','5d74d1d35f40e070b8d33cb6131fcf13 - 2013-02-05 21:56:29',2,'Изменен sessionid.'),(68,'2013-02-05 22:00:39',3,18,'2','abc37932e4347645bcb052c09adcd4ca - 2013-02-05 21:56:29',2,'Изменен sessionid.'),(69,'2013-02-05 22:02:16',3,18,'2','1ff748b7abd7dc29552c6fbcde88b773 - 2013-02-05 21:56:29',2,'Изменен sessionid.'),(70,'2013-02-05 22:13:46',3,18,'3',' - 2013-02-05 22:13:28',1,''),(71,'2013-02-05 23:38:07',3,13,'8','служебная',1,''),(72,'2013-02-05 23:40:56',3,14,'4','HD Лучи большие. Артикул: ',3,'');
/*!40000 ALTER TABLE `django_admin_log` ENABLE KEYS */;
UNLOCK TABLES;

--
-- Table structure for table `auth_group_permissions`
--

DROP TABLE IF EXISTS `auth_group_permissions`;
/*!40101 SET @saved_cs_client     = @@character_set_client */;
/*!40101 SET character_set_client = utf8 */;
CREATE TABLE `auth_group_permissions` (
  `id` int(11) NOT NULL AUTO_INCREMENT,
  `group_id` int(11) NOT NULL,
  `permission_id` int(11) NOT NULL,
  PRIMARY KEY (`id`),
  UNIQUE KEY `group_id` (`group_id`,`permission_id`),
  KEY `auth_group_permissions_bda51c3c` (`group_id`),
  KEY `auth_group_permissions_1e014c8f` (`permission_id`),
  CONSTRAINT `group_id_refs_id_3cea63fe` FOREIGN KEY (`group_id`) REFERENCES `auth_group` (`id`),
  CONSTRAINT `permission_id_refs_id_a7792de1` FOREIGN KEY (`permission_id`) REFERENCES `auth_permission` (`id`)
) ENGINE=InnoDB DEFAULT CHARSET=utf8;
/*!40101 SET character_set_client = @saved_cs_client */;

--
-- Dumping data for table `auth_group_permissions`
--

LOCK TABLES `auth_group_permissions` WRITE;
/*!40000 ALTER TABLE `auth_group_permissions` DISABLE KEYS */;
/*!40000 ALTER TABLE `auth_group_permissions` ENABLE KEYS */;
UNLOCK TABLES;

--
-- Table structure for table `products_featurevalue`
--

DROP TABLE IF EXISTS `products_featurevalue`;
/*!40101 SET @saved_cs_client     = @@character_set_client */;
/*!40101 SET character_set_client = utf8 */;
CREATE TABLE `products_featurevalue` (
  `id` int(11) NOT NULL AUTO_INCREMENT,
  `product_id` int(11) NOT NULL,
  `feature_name_id` int(11) NOT NULL,
  `value` varchar(500) NOT NULL,
  `order` int(11) NOT NULL,
  PRIMARY KEY (`id`),
  KEY `products_featurevalue_bb420c12` (`product_id`),
  KEY `products_featurevalue_3c3f41c0` (`feature_name_id`),
  CONSTRAINT `feature_name_id_refs_id_7f8bddbe` FOREIGN KEY (`feature_name_id`) REFERENCES `products_featurename` (`id`),
  CONSTRAINT `product_id_refs_id_d85dca4` FOREIGN KEY (`product_id`) REFERENCES `products_product` (`id`)
) ENGINE=InnoDB AUTO_INCREMENT=6 DEFAULT CHARSET=utf8;
/*!40101 SET character_set_client = @saved_cs_client */;

--
-- Dumping data for table `products_featurevalue`
--

LOCK TABLES `products_featurevalue` WRITE;
/*!40000 ALTER TABLE `products_featurevalue` DISABLE KEYS */;
INSERT INTO `products_featurevalue` VALUES (1,1,1,'4 х 4 х 6 см',10),(2,1,2,'300 гр',11),(3,1,3,'Пищевой пластик',10),(4,1,4,'Германия',10),(5,3,3,'ольха',10);
/*!40000 ALTER TABLE `products_featurevalue` ENABLE KEYS */;
UNLOCK TABLES;

--
-- Table structure for table `products_category`
--

DROP TABLE IF EXISTS `products_category`;
/*!40101 SET @saved_cs_client     = @@character_set_client */;
/*!40101 SET character_set_client = utf8 */;
CREATE TABLE `products_category` (
  `id` int(11) NOT NULL AUTO_INCREMENT,
  `parent_id` int(11) DEFAULT NULL,
  `title` varchar(100) NOT NULL,
  `slug` varchar(100) NOT NULL,
  `image` varchar(100) NOT NULL,
  `order` int(11) NOT NULL,
  `is_footer_menu` tinyint(1) NOT NULL,
  `is_published` tinyint(1) NOT NULL,
  `lft` int(10) unsigned NOT NULL,
  `rght` int(10) unsigned NOT NULL,
  `tree_id` int(10) unsigned NOT NULL,
  `level` int(10) unsigned NOT NULL,
  PRIMARY KEY (`id`),
  UNIQUE KEY `slug` (`slug`),
  KEY `products_category_63f17a16` (`parent_id`),
  KEY `products_category_42b06ff6` (`lft`),
  KEY `products_category_91543e5a` (`rght`),
  KEY `products_category_efd07f28` (`tree_id`),
  KEY `products_category_2a8f42e8` (`level`),
  CONSTRAINT `parent_id_refs_id_d4cc4837` FOREIGN KEY (`parent_id`) REFERENCES `products_category` (`id`)
) ENGINE=InnoDB AUTO_INCREMENT=9 DEFAULT CHARSET=utf8;
/*!40101 SET character_set_client = @saved_cs_client */;

--
-- Dumping data for table `products_category`
--

LOCK TABLES `products_category` WRITE;
/*!40000 ALTER TABLE `products_category` DISABLE KEYS */;
INSERT INTO `products_category` VALUES (1,NULL,'Для дома','home','images/category/menu_home.png',10,1,1,1,6,1,0),(2,NULL,'Аксессуары','aksessuary','images/category/menu_home_1.png',10,1,1,1,4,2,0),(3,NULL,'Канцелярия','kantselyariya','images/category/menu_home_2.png',10,1,1,1,4,3,0),(4,1,'Для компьютера','dlya_kompjutera','',10,0,1,2,3,1,1),(5,2,'Брелоки','breloki','',10,1,1,2,3,2,1),(6,3,'Весёлые подарки','veselye_podarki','',10,1,1,2,3,3,1),(7,1,'Для телефона','dlya_telefona','',10,0,1,4,5,1,1),(8,NULL,'служебная','sluzhebnaya','',10,0,0,1,2,4,0);
/*!40000 ALTER TABLE `products_category` ENABLE KEYS */;
UNLOCK TABLES;

--
-- Table structure for table `orders_emscity`
--

DROP TABLE IF EXISTS `orders_emscity`;
/*!40101 SET @saved_cs_client     = @@character_set_client */;
/*!40101 SET character_set_client = utf8 */;
CREATE TABLE `orders_emscity` (
  `id` int(11) NOT NULL AUTO_INCREMENT,
  `value` varchar(100) NOT NULL,
  `name` varchar(100) NOT NULL,
  PRIMARY KEY (`id`)
) ENGINE=MyISAM AUTO_INCREMENT=111 DEFAULT CHARSET=utf8;
/*!40101 SET character_set_client = @saved_cs_client */;

--
-- Dumping data for table `orders_emscity`
--

LOCK TABLES `orders_emscity` WRITE;
/*!40000 ALTER TABLE `orders_emscity` DISABLE KEYS */;
INSERT INTO `orders_emscity` VALUES (1,'city--abakan','АБАКАН'),(2,'city--anadyr','АНАДЫРЬ'),(3,'city--anapa','АНАПА'),(4,'city--arhangelsk','АРХАНГЕЛЬСК'),(5,'city--astrahan','АСТРАХАНЬ'),(6,'city--bajkonur','БАЙКОНУР'),(7,'city--barnaul','БАРНАУЛ'),(8,'city--belgorod','БЕЛГОРОД'),(9,'city--birobidzhan','БИРОБИДЖАН'),(10,'city--blagoveshhensk','БЛАГОВЕЩЕНСК'),(11,'city--brjansk','БРЯНСК'),(12,'city--velikij-novgorod','ВЕЛИКИЙ НОВГОРОД'),(13,'city--vladivostok','ВЛАДИВОСТОК'),(14,'city--vladikavkaz','ВЛАДИКАВКАЗ'),(15,'city--vladimir','ВЛАДИМИР'),(16,'city--volgograd','ВОЛГОГРАД'),(17,'city--vologda','ВОЛОГДА'),(18,'city--vorkuta','ВОРКУТА'),(19,'city--voronezh','ВОРОНЕЖ'),(20,'city--gorno-altajsk','ГОРНО-АЛТАЙСК'),(21,'city--groznyj','ГРОЗНЫЙ'),(22,'city--dudinka','ДУДИНКА'),(23,'city--ekaterinburg','ЕКАТЕРИНБУРГ'),(24,'city--elizovo','ЕЛИЗОВО'),(25,'city--ivanovo','ИВАНОВО'),(26,'city--izhevsk','ИЖЕВСК'),(27,'city--irkutsk','ИРКУТСК'),(28,'city--ioshkar-ola','ЙОШКАР-ОЛА'),(29,'city--kazan','КАЗАНЬ'),(30,'city--kaliningrad','КАЛИНИНГРАД'),(31,'city--kaluga','КАЛУГА'),(32,'city--kemerovo','КЕМЕРОВО'),(33,'city--kirov','КИРОВ'),(34,'city--kostomuksha','КОСТОМУКША'),(35,'city--kostroma','КОСТРОМА'),(36,'city--krasnodar','КРАСНОДАР'),(37,'city--krasnojarsk','КРАСНОЯРСК'),(38,'city--kurgan','КУРГАН'),(39,'city--kursk','КУРСК'),(40,'city--kyzyl','КЫЗЫЛ'),(41,'city--lipeck','ЛИПЕЦК'),(42,'city--magadan','МАГАДАН'),(43,'city--magnitogorsk','МАГНИТОГОРСК'),(44,'city--majkop','МАЙКОП'),(45,'city--mahachkala','МАХАЧКАЛА'),(46,'city--mineralnye-vody','МИНЕРАЛЬНЫЕ ВОДЫ'),(47,'city--mirnyj','МИРНЫЙ'),(48,'city--moskva','МОСКВА'),(49,'city--murmansk','МУРМАНСК'),(50,'city--mytishhi','МЫТИЩИ'),(51,'city--naberezhnye-chelny','НАБЕРЕЖНЫЕ ЧЕЛНЫ'),(52,'city--nadym','НАДЫМ'),(53,'city--nazran','НАЗРАНЬ'),(54,'city--nalchik','НАЛЬЧИК'),(55,'city--narjan-mar','НАРЬЯН-МАР'),(56,'city--nerjungri','НЕРЮНГРИ'),(57,'city--neftejugansk','НЕФТЕЮГАНСК'),(58,'city--nizhnevartovsk','НИЖНЕВАРТОВСК'),(59,'city--nizhnij-novgorod','НИЖНИЙ НОВГОРОД'),(60,'city--novokuzneck','НОВОКУЗНЕЦК'),(61,'city--novorossijsk','НОВОРОССИЙСК'),(62,'city--novosibirsk','НОВОСИБИРСК'),(63,'city--novyj-urengoj','НОВЫЙ УРЕНГОЙ'),(64,'city--norilsk','НОРИЛЬСК'),(65,'city--nojabrsk','НОЯБРЬСК'),(66,'city--omsk','ОМСК'),(67,'city--orel','ОРЁЛ'),(68,'city--orenburg','ОРЕНБУРГ'),(69,'city--penza','ПЕНЗА'),(70,'city--perm','ПЕРМЬ'),(71,'city--petrozavodsk','ПЕТРОЗАВОДСК'),(72,'city--petropavlovsk-kamchatskij','ПЕТРОПАВЛОВСК-КАМЧАТСКИЙ'),(73,'city--pskov','ПСКОВ'),(74,'city--rostov-na-donu','РОСТОВ-НА-ДОНУ'),(75,'city--rjazan','РЯЗАНЬ'),(76,'city--salehard','САЛЕХАРД'),(77,'city--samara','САМАРА'),(78,'city--sankt-peterburg','САНКТ-ПЕТЕРБУРГ'),(79,'city--saransk','САРАНСК'),(80,'city--saratov','САРАТОВ'),(81,'city--smolensk','СМОЛЕНСК'),(82,'city--sochi','СОЧИ'),(83,'city--stavropol','СТАВРОПОЛЬ'),(84,'city--strezhevoj','СТРЕЖЕВОЙ'),(85,'city--surgut','СУРГУТ'),(86,'city--syktyvkar','СЫКТЫВКАР'),(87,'city--tambov','ТАМБОВ'),(88,'city--tver','ТВЕРЬ'),(89,'city--toljatti','ТОЛЬЯТТИ'),(90,'city--tomsk','ТОМСК'),(91,'city--tula','ТУЛА'),(92,'city--tynda','ТЫНДА'),(93,'city--tjumen','ТЮМЕНЬ'),(94,'city--ulan-udje','УЛАН-УДЭ'),(95,'city--uljanovsk','УЛЬЯНОВСК'),(96,'city--usinsk','УСИНСК'),(97,'city--ufa','УФА'),(98,'city--uhta','УХТА'),(99,'city--khabarovsk','ХАБАРОВСК'),(100,'city--khanty-mansijsk','ХАНТЫ-МАНСИЙСК'),(101,'city--kholmsk','ХОЛМСК'),(102,'city--cheboksary','ЧЕБОКСАРЫ'),(103,'city--cheljabinsk','ЧЕЛЯБИНСК'),(104,'city--cherepovec','ЧЕРЕПОВЕЦ'),(105,'city--cherkessk','ЧЕРКЕССК'),(106,'city--chita','ЧИТА'),(107,'city--elista','ЭЛИСТА'),(108,'city--yuzhno-sahalinsk','ЮЖНО-САХАЛИНСК'),(109,'city--yakutsk','ЯКУТСК'),(110,'city--yaroslavl','ЯРОСЛАВЛЬ');
/*!40000 ALTER TABLE `orders_emscity` ENABLE KEYS */;
UNLOCK TABLES;

--
-- Table structure for table `pages_metadata`
--

DROP TABLE IF EXISTS `pages_metadata`;
/*!40101 SET @saved_cs_client     = @@character_set_client */;
/*!40101 SET character_set_client = utf8 */;
CREATE TABLE `pages_metadata` (
  `id` int(11) NOT NULL AUTO_INCREMENT,
  `url` varchar(100) NOT NULL,
  `title` varchar(100) NOT NULL,
  `description` varchar(100) NOT NULL,
  `keywords` varchar(100) NOT NULL,
  PRIMARY KEY (`id`)
) ENGINE=InnoDB DEFAULT CHARSET=utf8;
/*!40101 SET character_set_client = @saved_cs_client */;

--
-- Dumping data for table `pages_metadata`
--

LOCK TABLES `pages_metadata` WRITE;
/*!40000 ALTER TABLE `pages_metadata` DISABLE KEYS */;
/*!40000 ALTER TABLE `pages_metadata` ENABLE KEYS */;
UNLOCK TABLES;

--
-- Table structure for table `thumbnail_kvstore`
--

DROP TABLE IF EXISTS `thumbnail_kvstore`;
/*!40101 SET @saved_cs_client     = @@character_set_client */;
/*!40101 SET character_set_client = utf8 */;
CREATE TABLE `thumbnail_kvstore` (
  `key` varchar(200) NOT NULL,
  `value` longtext NOT NULL,
  PRIMARY KEY (`key`)
) ENGINE=InnoDB DEFAULT CHARSET=utf8;
/*!40101 SET character_set_client = @saved_cs_client */;

--
-- Dumping data for table `thumbnail_kvstore`
--

LOCK TABLES `thumbnail_kvstore` WRITE;
/*!40000 ALTER TABLE `thumbnail_kvstore` DISABLE KEYS */;
INSERT INTO `thumbnail_kvstore` VALUES ('sorl-thumbnail||image||0b71533a234a5b89ad73918e16097a84','{\"storage\": \"django.core.files.storage.FileSystemStorage\", \"name\": \"images/products/item-zs.jpg\", \"size\": [60, 60]}'),('sorl-thumbnail||image||1b1e5449b2916ec77787901ed0bfd5bf','{\"storage\": \"django.core.files.storage.FileSystemStorage\", \"name\": \"images/category/menu_home_2.png\", \"size\": [37, 30]}'),('sorl-thumbnail||image||2a2b0a6ae4f1b1fac0a7d7993a583284','{\"storage\": \"django.core.files.storage.FileSystemStorage\", \"name\": \"cache/39/10/3910ba0c3acc0e304271190093cfc639.jpg\", \"size\": [80, 80]}'),('sorl-thumbnail||image||2a9d82bb0d9b3da5be4ba2cbccf56977','{\"storage\": \"django.core.files.storage.FileSystemStorage\", \"name\": \"cache/79/90/79907c428699b6b1b2d7533ff83ce752.jpg\", \"size\": [37, 30]}'),('sorl-thumbnail||image||3be5eaf4ed49e3cc0ee4fadf770b8c31','{\"storage\": \"django.core.files.storage.FileSystemStorage\", \"name\": \"images/products/Skripka.jpg\", \"size\": [390, 400]}'),('sorl-thumbnail||image||3d0a5a5b95772caef1f1689c855e0532','{\"storage\": \"django.core.files.storage.FileSystemStorage\", \"name\": \"cache/f6/7c/f67c68a8e72e641a7cf45718df549de7.jpg\", \"size\": [641, 168]}'),('sorl-thumbnail||image||401c2cc65e4ba52c5dbcd695b1db64dd','{\"storage\": \"django.core.files.storage.FileSystemStorage\", \"name\": \"images/products/item_1.jpg\", \"size\": [160, 160]}'),('sorl-thumbnail||image||421eab9551152c563fae4bc39468ee71','{\"storage\": \"django.core.files.storage.FileSystemStorage\", \"name\": \"cache/31/e5/31e5a4ff302a873e3377c4e2446e0717.jpg\", \"size\": [80, 80]}'),('sorl-thumbnail||image||456c01ae91d8dad49c33725053f7f924','{\"storage\": \"django.core.files.storage.FileSystemStorage\", \"name\": \"images/products/item.jpg\", \"size\": [160, 160]}'),('sorl-thumbnail||image||4b9810c3a13809d9498ecba7be251b7e','{\"storage\": \"django.core.files.storage.FileSystemStorage\", \"name\": \"cache/44/b9/44b9cf64ad9c3fc35fb62f2ab7bdc6a8.jpg\", \"size\": [366, 96]}'),('sorl-thumbnail||image||5d4f42b2b1a50d34a8c5c6b864f1446f','{\"storage\": \"django.core.files.storage.FileSystemStorage\", \"name\": \"images/slider/slider.png\", \"size\": [641, 168]}'),('sorl-thumbnail||image||5db6ed78593f52c9ca2154f2d3f842d9','{\"storage\": \"django.core.files.storage.FileSystemStorage\", \"name\": \"cache/36/4e/364e9c259b05630d1fd6373bd2734b93.jpg\", \"size\": [366, 96]}'),('sorl-thumbnail||image||77fee41f30b796825eab1d59417e4858','{\"storage\": \"django.core.files.storage.FileSystemStorage\", \"name\": \"cache/19/fd/19fddbfd6283d3c99ba43bfdcd23f926.jpg\", \"size\": [641, 168]}'),('sorl-thumbnail||image||7de0f8596808b643f54fc45d22464b54','{\"storage\": \"django.core.files.storage.FileSystemStorage\", \"name\": \"cache/60/4d/604d5b0c008ecdc02ba72adcbd8dfa8c.jpg\", \"size\": [80, 80]}'),('sorl-thumbnail||image||8d333dc3806488fe848832f4142965ff','{\"storage\": \"django.core.files.storage.FileSystemStorage\", \"name\": \"cache/5e/b3/5eb334a95041dd28d17b190e30f685b7.jpg\", \"size\": [37, 30]}'),('sorl-thumbnail||image||8dfdfbc8c01bc243cc661ec644319ca2','{\"storage\": \"django.core.files.storage.FileSystemStorage\", \"name\": \"images/products/item-zl.jpg\", \"size\": [400, 400]}'),('sorl-thumbnail||image||aa525c32acafb746edd872ecd72ca97a','{\"storage\": \"django.core.files.storage.FileSystemStorage\", \"name\": \"images/products/item-zl_1.jpg\", \"size\": [400, 400]}'),('sorl-thumbnail||image||b08a23e5c3ac259897fc27b1eed3969d','{\"storage\": \"django.core.files.storage.FileSystemStorage\", \"name\": \"images/slider/slider_1.png\", \"size\": [641, 168]}'),('sorl-thumbnail||image||b57a4b6b17d42a8b550d53a3e4578878','{\"storage\": \"django.core.files.storage.FileSystemStorage\", \"name\": \"images/category/menu_home.png\", \"size\": [37, 30]}'),('sorl-thumbnail||image||c04092aaa26cf2648fd2e46f3d100d58','{\"storage\": \"django.core.files.storage.FileSystemStorage\", \"name\": \"cache/b3/c2/b3c2bb1d47f596ad3a80a13829e34594.jpg\", \"size\": [78, 80]}'),('sorl-thumbnail||image||c50640ae649797521da8606380d0c1f2','{\"storage\": \"django.core.files.storage.FileSystemStorage\", \"name\": \"cache/00/72/0072b4612a0f23f7a014ce02bf05ecf3.jpg\", \"size\": [37, 30]}'),('sorl-thumbnail||image||e17affcb168b9aa4073fa684bfad4b1d','{\"storage\": \"django.core.files.storage.FileSystemStorage\", \"name\": \"images/category/menu_home_1.png\", \"size\": [37, 30]}'),('sorl-thumbnail||image||ed04e7b4a820d49acdf68cff9a065cf6','{\"storage\": \"django.core.files.storage.FileSystemStorage\", \"name\": \"cache/bc/ec/bcec0848275347abb7fa6421fb5991c1.jpg\", \"size\": [80, 80]}'),('sorl-thumbnail||image||f0848ab7dc4ed35fa09074efa67cb5e9','{\"storage\": \"django.core.files.storage.FileSystemStorage\", \"name\": \"cache/b5/9c/b59c3e22307b648542ba3bf33f53f75a.jpg\", \"size\": [641, 168]}'),('sorl-thumbnail||image||f52c32953eb746f09e10e6385b8770ae','{\"storage\": \"django.core.files.storage.FileSystemStorage\", \"name\": \"cache/b7/be/b7be1fa99528eae4f3bbdc0a5dfffc96.jpg\", \"size\": [60, 60]}'),('sorl-thumbnail||thumbnails||0b71533a234a5b89ad73918e16097a84','[\"f52c32953eb746f09e10e6385b8770ae\"]'),('sorl-thumbnail||thumbnails||1b1e5449b2916ec77787901ed0bfd5bf','[\"2a9d82bb0d9b3da5be4ba2cbccf56977\"]'),('sorl-thumbnail||thumbnails||3be5eaf4ed49e3cc0ee4fadf770b8c31','[\"c04092aaa26cf2648fd2e46f3d100d58\"]'),('sorl-thumbnail||thumbnails||401c2cc65e4ba52c5dbcd695b1db64dd','[\"2a2b0a6ae4f1b1fac0a7d7993a583284\"]'),('sorl-thumbnail||thumbnails||456c01ae91d8dad49c33725053f7f924','[\"ed04e7b4a820d49acdf68cff9a065cf6\"]'),('sorl-thumbnail||thumbnails||5d4f42b2b1a50d34a8c5c6b864f1446f','[\"5db6ed78593f52c9ca2154f2d3f842d9\", \"3d0a5a5b95772caef1f1689c855e0532\"]'),('sorl-thumbnail||thumbnails||8dfdfbc8c01bc243cc661ec644319ca2','[\"421eab9551152c563fae4bc39468ee71\"]'),('sorl-thumbnail||thumbnails||aa525c32acafb746edd872ecd72ca97a','[\"7de0f8596808b643f54fc45d22464b54\"]'),('sorl-thumbnail||thumbnails||b08a23e5c3ac259897fc27b1eed3969d','[\"f0848ab7dc4ed35fa09074efa67cb5e9\", \"77fee41f30b796825eab1d59417e4858\", \"4b9810c3a13809d9498ecba7be251b7e\"]'),('sorl-thumbnail||thumbnails||b57a4b6b17d42a8b550d53a3e4578878','[\"8d333dc3806488fe848832f4142965ff\"]'),('sorl-thumbnail||thumbnails||e17affcb168b9aa4073fa684bfad4b1d','[\"c50640ae649797521da8606380d0c1f2\"]');
/*!40000 ALTER TABLE `thumbnail_kvstore` ENABLE KEYS */;
UNLOCK TABLES;

--
-- Table structure for table `slider_photo`
--

DROP TABLE IF EXISTS `slider_photo`;
/*!40101 SET @saved_cs_client     = @@character_set_client */;
/*!40101 SET character_set_client = utf8 */;
CREATE TABLE `slider_photo` (
  `id` int(11) NOT NULL AUTO_INCREMENT,
  `image` varchar(100) NOT NULL,
  `title` varchar(100) NOT NULL,
  `title_addition` varchar(100) NOT NULL,
  `url` varchar(250) NOT NULL,
  `order` int(11) NOT NULL,
  `is_published` tinyint(1) NOT NULL,
  PRIMARY KEY (`id`)
) ENGINE=InnoDB AUTO_INCREMENT=3 DEFAULT CHARSET=utf8;
/*!40101 SET character_set_client = @saved_cs_client */;

--
-- Dumping data for table `slider_photo`
--

LOCK TABLES `slider_photo` WRITE;
/*!40000 ALTER TABLE `slider_photo` DISABLE KEYS */;
INSERT INTO `slider_photo` VALUES (1,'images/slider/slider.png','ЧАСЫ РУЧНОЙ РАБОТЫ','новые модные шикарные','www.ramber.ru',10,1),(2,'images/slider/slider_1.png','ЧАСЫ YAMAHA','лучшие в мире!','',10,1);
/*!40000 ALTER TABLE `slider_photo` ENABLE KEYS */;
UNLOCK TABLES;

--
-- Table structure for table `products_product_related_products`
--

DROP TABLE IF EXISTS `products_product_related_products`;
/*!40101 SET @saved_cs_client     = @@character_set_client */;
/*!40101 SET character_set_client = utf8 */;
CREATE TABLE `products_product_related_products` (
  `id` int(11) NOT NULL AUTO_INCREMENT,
  `from_product_id` int(11) NOT NULL,
  `to_product_id` int(11) NOT NULL,
  PRIMARY KEY (`id`),
  UNIQUE KEY `from_product_id` (`from_product_id`,`to_product_id`),
  KEY `products_product_related_products_c884f964` (`from_product_id`),
  KEY `products_product_related_products_5bd7a0dd` (`to_product_id`),
  CONSTRAINT `from_product_id_refs_id_7c576de3` FOREIGN KEY (`from_product_id`) REFERENCES `products_product` (`id`),
  CONSTRAINT `to_product_id_refs_id_7c576de3` FOREIGN KEY (`to_product_id`) REFERENCES `products_product` (`id`)
) ENGINE=InnoDB AUTO_INCREMENT=27 DEFAULT CHARSET=utf8;
/*!40101 SET character_set_client = @saved_cs_client */;

--
-- Dumping data for table `products_product_related_products`
--

LOCK TABLES `products_product_related_products` WRITE;
/*!40000 ALTER TABLE `products_product_related_products` DISABLE KEYS */;
INSERT INTO `products_product_related_products` VALUES (23,1,2),(24,1,3),(25,2,1),(26,3,1);
/*!40000 ALTER TABLE `products_product_related_products` ENABLE KEYS */;
UNLOCK TABLES;

--
-- Table structure for table `products_photo`
--

DROP TABLE IF EXISTS `products_photo`;
/*!40101 SET @saved_cs_client     = @@character_set_client */;
/*!40101 SET character_set_client = utf8 */;
CREATE TABLE `products_photo` (
  `id` int(11) NOT NULL AUTO_INCREMENT,
  `product_id` int(11) NOT NULL,
  `image` varchar(100) NOT NULL,
  `order` int(11) NOT NULL,
  PRIMARY KEY (`id`),
  KEY `products_photo_bb420c12` (`product_id`),
  CONSTRAINT `product_id_refs_id_1c2d40e0` FOREIGN KEY (`product_id`) REFERENCES `products_product` (`id`)
) ENGINE=InnoDB AUTO_INCREMENT=4 DEFAULT CHARSET=utf8;
/*!40101 SET character_set_client = @saved_cs_client */;

--
-- Dumping data for table `products_photo`
--

LOCK TABLES `products_photo` WRITE;
/*!40000 ALTER TABLE `products_photo` DISABLE KEYS */;
INSERT INTO `products_photo` VALUES (1,1,'images/products/item_1.jpg',10),(2,1,'images/products/item-zs.jpg',10),(3,1,'images/products/item-zl_1.jpg',10);
/*!40000 ALTER TABLE `products_photo` ENABLE KEYS */;
UNLOCK TABLES;

--
-- Table structure for table `auth_message`
--

DROP TABLE IF EXISTS `auth_message`;
/*!40101 SET @saved_cs_client     = @@character_set_client */;
/*!40101 SET character_set_client = utf8 */;
CREATE TABLE `auth_message` (
  `id` int(11) NOT NULL AUTO_INCREMENT,
  `user_id` int(11) NOT NULL,
  `message` longtext NOT NULL,
  PRIMARY KEY (`id`),
  KEY `auth_message_fbfc09f1` (`user_id`),
  CONSTRAINT `user_id_refs_id_9af0b65a` FOREIGN KEY (`user_id`) REFERENCES `auth_user` (`id`)
) ENGINE=InnoDB DEFAULT CHARSET=utf8;
/*!40101 SET character_set_client = @saved_cs_client */;

--
-- Dumping data for table `auth_message`
--

LOCK TABLES `auth_message` WRITE;
/*!40000 ALTER TABLE `auth_message` DISABLE KEYS */;
/*!40000 ALTER TABLE `auth_message` ENABLE KEYS */;
UNLOCK TABLES;

--
-- Table structure for table `orders_cart`
--

DROP TABLE IF EXISTS `orders_cart`;
/*!40101 SET @saved_cs_client     = @@character_set_client */;
/*!40101 SET character_set_client = utf8 */;
CREATE TABLE `orders_cart` (
  `id` int(11) NOT NULL AUTO_INCREMENT,
  `profile_id` int(11) DEFAULT NULL,
  `create_date` datetime NOT NULL,
  `sessionid` varchar(50) NOT NULL,
  PRIMARY KEY (`id`),
  UNIQUE KEY `profile_id` (`profile_id`),
  CONSTRAINT `profile_id_refs_user_ptr_id_baec8f2` FOREIGN KEY (`profile_id`) REFERENCES `inheritanceUser_customuser` (`user_ptr_id`)
) ENGINE=InnoDB AUTO_INCREMENT=4 DEFAULT CHARSET=utf8;
/*!40101 SET character_set_client = @saved_cs_client */;

--
-- Dumping data for table `orders_cart`
--

LOCK TABLES `orders_cart` WRITE;
/*!40000 ALTER TABLE `orders_cart` DISABLE KEYS */;
/*!40000 ALTER TABLE `orders_cart` ENABLE KEYS */;
UNLOCK TABLES;

--
-- Table structure for table `auth_user`
--

DROP TABLE IF EXISTS `auth_user`;
/*!40101 SET @saved_cs_client     = @@character_set_client */;
/*!40101 SET character_set_client = utf8 */;
CREATE TABLE `auth_user` (
  `id` int(11) NOT NULL AUTO_INCREMENT,
  `username` varchar(30) NOT NULL,
  `first_name` varchar(30) NOT NULL,
  `last_name` varchar(30) NOT NULL,
  `email` varchar(75) NOT NULL,
  `password` varchar(128) NOT NULL,
  `is_staff` tinyint(1) NOT NULL,
  `is_active` tinyint(1) NOT NULL,
  `is_superuser` tinyint(1) NOT NULL,
  `last_login` datetime NOT NULL,
  `date_joined` datetime NOT NULL,
  PRIMARY KEY (`id`),
  UNIQUE KEY `username` (`username`)
) ENGINE=InnoDB AUTO_INCREMENT=4 DEFAULT CHARSET=utf8;
/*!40101 SET character_set_client = @saved_cs_client */;

--
-- Dumping data for table `auth_user`
--

LOCK TABLES `auth_user` WRITE;
/*!40000 ALTER TABLE `auth_user` DISABLE KEYS */;
INSERT INTO `auth_user` VALUES (3,'admin','Лущий','Степан','steeg@mail.ru','sha1$0a358$6472b6cf785e2198081d168257fc2ab9dbda35e6',1,1,1,'2013-02-05 21:59:33','2013-02-05 10:22:35');
/*!40000 ALTER TABLE `auth_user` ENABLE KEYS */;
UNLOCK TABLES;

--
-- Table structure for table `inheritanceUser_discountcard`
--

DROP TABLE IF EXISTS `inheritanceUser_discountcard`;
/*!40101 SET @saved_cs_client     = @@character_set_client */;
/*!40101 SET character_set_client = utf8 */;
CREATE TABLE `inheritanceUser_discountcard` (
  `id` int(11) NOT NULL AUTO_INCREMENT,
  `number` varchar(50) NOT NULL,
  PRIMARY KEY (`id`)
) ENGINE=InnoDB DEFAULT CHARSET=utf8;
/*!40101 SET character_set_client = @saved_cs_client */;

--
-- Dumping data for table `inheritanceUser_discountcard`
--

LOCK TABLES `inheritanceUser_discountcard` WRITE;
/*!40000 ALTER TABLE `inheritanceUser_discountcard` DISABLE KEYS */;
/*!40000 ALTER TABLE `inheritanceUser_discountcard` ENABLE KEYS */;
UNLOCK TABLES;
/*!40103 SET TIME_ZONE=@OLD_TIME_ZONE */;

/*!40101 SET SQL_MODE=@OLD_SQL_MODE */;
/*!40014 SET FOREIGN_KEY_CHECKS=@OLD_FOREIGN_KEY_CHECKS */;
/*!40014 SET UNIQUE_CHECKS=@OLD_UNIQUE_CHECKS */;
/*!40101 SET CHARACTER_SET_CLIENT=@OLD_CHARACTER_SET_CLIENT */;
/*!40101 SET CHARACTER_SET_RESULTS=@OLD_CHARACTER_SET_RESULTS */;
/*!40101 SET COLLATION_CONNECTION=@OLD_COLLATION_CONNECTION */;
/*!40111 SET SQL_NOTES=@OLD_SQL_NOTES */;

-- Dump completed on 2013-02-05 23:45:28
